/*M!999999\- enable the sandbox mode */ 
-- MariaDB dump 10.19-11.8.5-MariaDB, for Win64 (AMD64)
--
-- Host: localhost    Database: pneumatic_qc
-- ------------------------------------------------------
-- Server version	11.8.5-MariaDB

/*!40101 SET @OLD_CHARACTER_SET_CLIENT=@@CHARACTER_SET_CLIENT */;
/*!40101 SET @OLD_CHARACTER_SET_RESULTS=@@CHARACTER_SET_RESULTS */;
/*!40101 SET @OLD_COLLATION_CONNECTION=@@COLLATION_CONNECTION */;
/*!40101 SET NAMES utf8mb4 */;
/*!40103 SET @OLD_TIME_ZONE=@@TIME_ZONE */;
/*!40103 SET TIME_ZONE='+00:00' */;
/*!40014 SET @OLD_UNIQUE_CHECKS=@@UNIQUE_CHECKS, UNIQUE_CHECKS=0 */;
/*!40014 SET @OLD_FOREIGN_KEY_CHECKS=@@FOREIGN_KEY_CHECKS, FOREIGN_KEY_CHECKS=0 */;
/*!40101 SET @OLD_SQL_MODE=@@SQL_MODE, SQL_MODE='NO_AUTO_VALUE_ON_ZERO' */;
/*M!100616 SET @OLD_NOTE_VERBOSITY=@@NOTE_VERBOSITY, NOTE_VERBOSITY=0 */;

--
-- Current Database: `pneumatic_qc`
--

CREATE DATABASE /*!32312 IF NOT EXISTS*/ `pneumatic_qc` /*!40100 DEFAULT CHARACTER SET utf8mb4 COLLATE utf8mb4_uca1400_ai_ci */;

USE `pneumatic_qc`;

--
-- Table structure for table `alert_phones`
--

DROP TABLE IF EXISTS `alert_phones`;
/*!40101 SET @saved_cs_client     = @@character_set_client */;
/*!40101 SET character_set_client = utf8mb4 */;
CREATE TABLE `alert_phones` (
  `id` int(11) NOT NULL AUTO_INCREMENT,
  `model_id` int(11) NOT NULL,
  `name` varchar(50) DEFAULT NULL,
  `phone_number` varchar(20) DEFAULT NULL,
  PRIMARY KEY (`id`),
  KEY `model_id` (`model_id`),
  CONSTRAINT `alert_phones_ibfk_1` FOREIGN KEY (`model_id`) REFERENCES `models` (`id`) ON DELETE CASCADE
) ENGINE=InnoDB AUTO_INCREMENT=47 DEFAULT CHARSET=utf8mb4 COLLATE=utf8mb4_uca1400_ai_ci;
/*!40101 SET character_set_client = @saved_cs_client */;

--
-- Dumping data for table `alert_phones`
--

LOCK TABLES `alert_phones` WRITE;
/*!40000 ALTER TABLE `alert_phones` DISABLE KEYS */;
set autocommit=0;
INSERT INTO `alert_phones` VALUES
(44,18,'Ram','+919591959085'),
(45,18,'Krishna','+919886824714'),
(46,18,'Harilal','+918800350339');
/*!40000 ALTER TABLE `alert_phones` ENABLE KEYS */;
UNLOCK TABLES;
commit;

--
-- Table structure for table `cycle_print_log`
--

DROP TABLE IF EXISTS `cycle_print_log`;
/*!40101 SET @saved_cs_client     = @@character_set_client */;
/*!40101 SET character_set_client = utf8mb4 */;
CREATE TABLE `cycle_print_log` (
  `id` int(11) NOT NULL AUTO_INCREMENT,
  `cycle_id` int(11) NOT NULL,
  `print_type` enum('AUTO','MANUAL','REPRINT') NOT NULL,
  `printed_at` datetime DEFAULT current_timestamp(),
  `printed_by` varchar(50) DEFAULT NULL,
  `reason` varchar(255) DEFAULT NULL,
  PRIMARY KEY (`id`),
  KEY `cycle_print_log_ibfk_1` (`cycle_id`),
  CONSTRAINT `cycle_print_log_ibfk_1` FOREIGN KEY (`cycle_id`) REFERENCES `cycles` (`id`) ON DELETE CASCADE
) ENGINE=InnoDB AUTO_INCREMENT=455 DEFAULT CHARSET=utf8mb4 COLLATE=utf8mb4_uca1400_ai_ci;
/*!40101 SET character_set_client = @saved_cs_client */;

--
-- Dumping data for table `cycle_print_log`
--

LOCK TABLES `cycle_print_log` WRITE;
/*!40000 ALTER TABLE `cycle_print_log` DISABLE KEYS */;
set autocommit=0;
INSERT INTO `cycle_print_log` VALUES
(429,1960,'AUTO','2026-02-02 16:33:11','SYSTEM',NULL),
(430,1962,'AUTO','2026-02-02 16:36:30','SYSTEM',NULL),
(431,1963,'AUTO','2026-02-02 16:37:07','SYSTEM',NULL),
(432,1964,'AUTO','2026-02-02 16:37:45','SYSTEM',NULL),
(433,1965,'AUTO','2026-02-02 16:38:24','SYSTEM',NULL),
(434,1966,'AUTO','2026-02-02 16:39:01','SYSTEM',NULL),
(435,1967,'AUTO','2026-02-02 16:39:39','SYSTEM',NULL),
(436,1969,'AUTO','2026-02-02 16:40:55','SYSTEM',NULL),
(437,1970,'AUTO','2026-02-02 16:41:33','SYSTEM',NULL),
(438,1971,'AUTO','2026-02-02 16:42:12','SYSTEM',NULL),
(439,1972,'AUTO','2026-02-02 16:42:49','SYSTEM',NULL),
(440,1974,'AUTO','2026-02-02 16:44:06','SYSTEM',NULL),
(441,1975,'AUTO','2026-02-02 16:45:48','SYSTEM',NULL),
(442,1976,'AUTO','2026-02-02 16:46:26','SYSTEM',NULL),
(443,1977,'AUTO','2026-02-02 16:47:04','SYSTEM',NULL),
(444,1978,'AUTO','2026-02-02 16:47:43','SYSTEM',NULL),
(445,1979,'AUTO','2026-02-02 16:48:59','SYSTEM',NULL),
(446,1980,'AUTO','2026-02-02 16:49:37','SYSTEM',NULL),
(447,1981,'AUTO','2026-02-02 16:50:16','SYSTEM',NULL),
(448,1982,'AUTO','2026-02-02 16:50:54','SYSTEM',NULL),
(449,1983,'AUTO','2026-02-02 16:51:32','SYSTEM',NULL),
(450,1984,'AUTO','2026-02-02 16:52:10','SYSTEM',NULL),
(451,2026,'AUTO','2026-02-02 17:15:24','SYSTEM',NULL),
(452,2027,'AUTO','2026-02-02 17:15:57','SYSTEM',NULL),
(453,2028,'AUTO','2026-02-02 17:16:30','SYSTEM',NULL),
(454,2029,'AUTO','2026-02-02 17:17:03','SYSTEM',NULL);
/*!40000 ALTER TABLE `cycle_print_log` ENABLE KEYS */;
UNLOCK TABLES;
commit;

--
-- Table structure for table `cycle_print_log_archive`
--

DROP TABLE IF EXISTS `cycle_print_log_archive`;
/*!40101 SET @saved_cs_client     = @@character_set_client */;
/*!40101 SET character_set_client = utf8mb4 */;
CREATE TABLE `cycle_print_log_archive` (
  `id` bigint(20) NOT NULL AUTO_INCREMENT,
  `cycle_id` bigint(20) NOT NULL,
  `print_type` varchar(20) NOT NULL,
  `printed_at` datetime NOT NULL,
  `printed_by` varchar(50) DEFAULT NULL,
  `reason` text DEFAULT NULL,
  `archived_at` datetime NOT NULL,
  `purge_batch_id` varchar(32) NOT NULL,
  PRIMARY KEY (`id`),
  KEY `idx_cycle` (`cycle_id`),
  KEY `idx_batch` (`purge_batch_id`)
) ENGINE=InnoDB AUTO_INCREMENT=119 DEFAULT CHARSET=utf8mb4 COLLATE=utf8mb4_uca1400_ai_ci;
/*!40101 SET character_set_client = @saved_cs_client */;

--
-- Dumping data for table `cycle_print_log_archive`
--

LOCK TABLES `cycle_print_log_archive` WRITE;
/*!40000 ALTER TABLE `cycle_print_log_archive` DISABLE KEYS */;
set autocommit=0;
INSERT INTO `cycle_print_log_archive` VALUES
(1,1733,'AUTO','2026-01-22 01:08:38','SYSTEM',NULL,'2026-01-22 22:04:41','20260122220441'),
(2,1734,'AUTO','2026-01-22 01:10:00','SYSTEM',NULL,'2026-01-22 22:04:41','20260122220441'),
(3,1735,'AUTO','2026-01-22 01:10:49','SYSTEM',NULL,'2026-01-22 22:04:41','20260122220441'),
(4,1736,'AUTO','2026-01-22 01:11:25','SYSTEM',NULL,'2026-01-22 22:04:41','20260122220441'),
(5,1737,'AUTO','2026-01-22 01:23:50','SYSTEM',NULL,'2026-01-22 22:04:41','20260122220441'),
(6,1738,'AUTO','2026-01-22 01:35:34','SYSTEM',NULL,'2026-01-22 22:04:41','20260122220441'),
(7,1739,'AUTO','2026-01-22 01:36:03','SYSTEM',NULL,'2026-01-22 22:04:41','20260122220441'),
(8,1742,'AUTO','2026-01-22 01:37:40','SYSTEM',NULL,'2026-01-22 22:04:41','20260122220441'),
(9,1745,'AUTO','2026-01-22 01:39:10','SYSTEM',NULL,'2026-01-22 22:04:41','20260122220441'),
(10,1747,'AUTO','2026-01-22 01:40:27','SYSTEM',NULL,'2026-01-22 22:04:41','20260122220441'),
(11,1754,'MANUAL','2026-01-22 22:51:45','OPERATOR',NULL,'2026-01-22 23:07:41','20260122230741'),
(12,1756,'MANUAL','2026-01-22 22:51:45','OPERATOR',NULL,'2026-01-22 23:12:33','20260122231233'),
(13,1759,'MANUAL','2026-01-22 22:51:45','OPERATOR',NULL,'2026-01-22 23:12:33','20260122231233'),
(14,1761,'MANUAL','2026-01-22 22:51:55','OPERATOR',NULL,'2026-01-22 23:12:33','20260122231233'),
(15,1762,'MANUAL','2026-01-22 22:51:55','OPERATOR',NULL,'2026-01-22 23:12:33','20260122231233'),
(16,1764,'MANUAL','2026-01-22 22:51:55','OPERATOR',NULL,'2026-01-22 23:12:33','20260122231233'),
(17,1765,'MANUAL','2026-01-22 22:51:55','OPERATOR',NULL,'2026-01-22 23:15:15','20260122231515'),
(18,1772,'MANUAL','2026-01-22 22:51:55','OPERATOR',NULL,'2026-01-22 23:17:27','20260122231727'),
(19,1773,'MANUAL','2026-01-22 22:51:55','OPERATOR',NULL,'2026-01-22 23:17:27','20260122231727'),
(20,1774,'MANUAL','2026-01-22 22:51:55','OPERATOR',NULL,'2026-01-22 23:19:46','20260122231946'),
(21,1775,'MANUAL','2026-01-22 22:51:55','OPERATOR',NULL,'2026-01-22 23:19:46','20260122231946'),
(22,1776,'MANUAL','2026-01-22 22:51:55','OPERATOR',NULL,'2026-01-22 23:19:46','20260122231946'),
(23,1777,'MANUAL','2026-01-22 22:51:56','OPERATOR',NULL,'2026-01-22 23:19:46','20260122231946'),
(24,1808,'AUTO','2026-01-22 22:43:51','SYSTEM',NULL,'2026-01-23 23:12:50','20260123231250'),
(25,1810,'AUTO','2026-01-22 22:44:51','SYSTEM',NULL,'2026-01-23 23:12:50','20260123231250'),
(26,1811,'AUTO','2026-01-22 22:47:32','SYSTEM',NULL,'2026-01-23 23:12:50','20260123231250'),
(27,1812,'AUTO','2026-01-22 22:48:01','SYSTEM',NULL,'2026-01-23 23:12:50','20260123231250'),
(28,1813,'AUTO','2026-01-22 22:48:30','SYSTEM',NULL,'2026-01-23 23:12:50','20260123231250'),
(29,1816,'AUTO','2026-01-22 22:50:29','SYSTEM',NULL,'2026-01-23 23:12:50','20260123231250'),
(30,1817,'AUTO','2026-01-22 22:51:04','SYSTEM',NULL,'2026-01-23 23:12:50','20260123231250'),
(31,1818,'AUTO','2026-01-22 22:51:42','SYSTEM',NULL,'2026-01-23 23:12:50','20260123231250'),
(32,1780,'MANUAL','2026-01-22 22:51:56','OPERATOR',NULL,'2026-01-23 23:12:50','20260123231250'),
(33,1782,'MANUAL','2026-01-22 22:51:56','OPERATOR',NULL,'2026-01-23 23:12:50','20260123231250'),
(34,1783,'MANUAL','2026-01-22 22:51:56','OPERATOR',NULL,'2026-01-23 23:12:50','20260123231250'),
(35,1790,'MANUAL','2026-01-22 22:51:56','OPERATOR',NULL,'2026-01-23 23:12:50','20260123231250'),
(36,1791,'MANUAL','2026-01-22 22:51:56','OPERATOR',NULL,'2026-01-23 23:12:50','20260123231250'),
(37,1794,'MANUAL','2026-01-22 22:51:56','OPERATOR',NULL,'2026-01-23 23:12:50','20260123231250'),
(38,1796,'MANUAL','2026-01-22 22:51:56','OPERATOR',NULL,'2026-01-23 23:12:50','20260123231250'),
(39,1797,'MANUAL','2026-01-22 22:51:56','OPERATOR',NULL,'2026-01-23 23:12:50','20260123231250'),
(40,1800,'MANUAL','2026-01-22 22:51:56','OPERATOR',NULL,'2026-01-23 23:12:50','20260123231250'),
(41,1801,'MANUAL','2026-01-22 22:51:57','OPERATOR',NULL,'2026-01-23 23:12:50','20260123231250'),
(42,1802,'MANUAL','2026-01-22 22:51:57','OPERATOR',NULL,'2026-01-23 23:12:51','20260123231250'),
(43,1803,'MANUAL','2026-01-22 22:51:57','OPERATOR',NULL,'2026-01-23 23:12:51','20260123231250'),
(44,1804,'MANUAL','2026-01-22 22:51:57','OPERATOR',NULL,'2026-01-23 23:12:51','20260123231250'),
(45,1806,'MANUAL','2026-01-22 22:51:57','OPERATOR',NULL,'2026-01-23 23:12:51','20260123231250'),
(46,1807,'MANUAL','2026-01-22 22:51:57','OPERATOR',NULL,'2026-01-23 23:12:51','20260123231250'),
(47,1811,'REPRINT','2026-01-22 22:52:29','OPERATOR','Manual QR search reprint','2026-01-23 23:12:51','20260123231250'),
(48,1821,'AUTO','2026-01-22 22:53:12','SYSTEM',NULL,'2026-01-23 23:12:51','20260123231250'),
(49,1823,'AUTO','2026-01-22 22:54:08','SYSTEM',NULL,'2026-01-23 23:12:51','20260123231250'),
(50,1824,'AUTO','2026-01-22 22:54:47','SYSTEM',NULL,'2026-01-23 23:12:51','20260123231250'),
(51,1830,'AUTO','2026-01-22 22:58:09','SYSTEM',NULL,'2026-01-23 23:12:51','20260123231250'),
(52,1833,'AUTO','2026-01-22 23:00:46','SYSTEM',NULL,'2026-01-23 23:12:51','20260123231250'),
(53,1834,'AUTO','2026-01-22 23:01:21','SYSTEM',NULL,'2026-01-23 23:12:51','20260123231250'),
(54,1837,'AUTO','2026-01-22 23:02:54','SYSTEM',NULL,'2026-01-23 23:12:51','20260123231250'),
(55,1838,'AUTO','2026-01-22 23:03:29','SYSTEM',NULL,'2026-01-23 23:12:51','20260123231250'),
(56,1839,'AUTO','2026-01-22 23:04:08','SYSTEM',NULL,'2026-01-23 23:12:51','20260123231250'),
(57,1840,'AUTO','2026-01-22 23:05:02','SYSTEM',NULL,'2026-01-23 23:12:51','20260123231250'),
(58,1842,'AUTO','2026-01-22 23:05:55','SYSTEM',NULL,'2026-01-23 23:12:51','20260123231250'),
(59,1847,'AUTO','2026-01-22 23:09:33','SYSTEM',NULL,'2026-01-23 23:12:51','20260123231250'),
(60,1849,'AUTO','2026-01-22 23:10:53','SYSTEM',NULL,'2026-01-23 23:12:51','20260123231250'),
(61,1852,'AUTO','2026-01-22 23:15:56','SYSTEM',NULL,'2026-01-23 23:12:51','20260123231250'),
(62,1855,'AUTO','2026-01-22 23:18:04','SYSTEM',NULL,'2026-01-23 23:12:51','20260123231250'),
(63,1856,'AUTO','2026-01-22 23:20:32','SYSTEM',NULL,'2026-01-23 23:12:51','20260123231250'),
(64,1860,'AUTO','2026-01-22 23:23:05','SYSTEM',NULL,'2026-01-23 23:12:51','20260123231250'),
(65,1861,'AUTO','2026-01-23 23:14:26','SYSTEM',NULL,'2026-01-24 00:50:06','20260124005006'),
(66,1864,'AUTO','2026-01-23 23:15:57','SYSTEM',NULL,'2026-01-24 00:50:06','20260124005006'),
(67,1868,'AUTO','2026-01-23 23:41:33','SYSTEM',NULL,'2026-01-24 00:50:06','20260124005006'),
(68,1869,'AUTO','2026-01-23 23:41:55','SYSTEM',NULL,'2026-01-24 00:50:06','20260124005006'),
(69,1870,'AUTO','2026-01-23 23:45:55','SYSTEM',NULL,'2026-01-24 00:50:06','20260124005006'),
(70,1871,'AUTO','2026-01-24 00:01:33','SYSTEM',NULL,'2026-01-24 11:24:29','20260124112429'),
(71,1872,'AUTO','2026-01-24 00:02:02','SYSTEM',NULL,'2026-01-24 11:24:29','20260124112429'),
(72,1873,'AUTO','2026-01-24 00:02:35','SYSTEM',NULL,'2026-01-24 11:24:29','20260124112429'),
(73,1876,'AUTO','2026-01-24 00:03:50','SYSTEM',NULL,'2026-01-24 11:24:29','20260124112429'),
(74,1877,'AUTO','2026-01-24 00:04:21','SYSTEM',NULL,'2026-01-24 11:24:29','20260124112429'),
(75,1878,'AUTO','2026-01-24 00:04:51','SYSTEM',NULL,'2026-01-24 11:24:29','20260124112429'),
(76,1881,'AUTO','2026-01-24 00:50:59','SYSTEM',NULL,'2026-01-24 11:24:29','20260124112429'),
(77,1882,'AUTO','2026-01-24 00:51:27','SYSTEM',NULL,'2026-01-24 11:24:29','20260124112429'),
(78,1885,'AUTO','2026-01-24 00:53:47','SYSTEM',NULL,'2026-01-24 11:24:29','20260124112429'),
(79,1887,'AUTO','2026-01-24 11:26:10','SYSTEM',NULL,'2026-01-24 12:37:10','20260124123710'),
(80,1889,'AUTO','2026-01-24 11:34:23','SYSTEM',NULL,'2026-01-24 12:37:10','20260124123710'),
(81,1890,'AUTO','2026-01-24 11:39:26','SYSTEM',NULL,'2026-01-24 12:40:35','20260124124035'),
(82,1898,'AUTO','2026-01-24 11:52:33','SYSTEM',NULL,'2026-01-26 16:00:30','20260126160030'),
(83,1899,'AUTO','2026-01-24 11:53:08','SYSTEM',NULL,'2026-01-26 16:00:30','20260126160030'),
(84,1900,'AUTO','2026-01-24 11:57:16','SYSTEM',NULL,'2026-01-26 16:00:30','20260126160030'),
(85,1901,'AUTO','2026-01-24 11:59:04','SYSTEM',NULL,'2026-01-26 16:00:30','20260126160030'),
(86,1902,'AUTO','2026-01-24 11:59:30','SYSTEM',NULL,'2026-01-26 16:00:30','20260126160030'),
(87,1903,'AUTO','2026-01-24 12:00:11','SYSTEM',NULL,'2026-01-26 16:00:30','20260126160030'),
(88,1893,'MANUAL','2026-01-24 12:10:50','OPERATOR',NULL,'2026-01-26 16:00:30','20260126160030'),
(89,1904,'AUTO','2026-01-24 12:11:16','SYSTEM',NULL,'2026-01-26 16:00:30','20260126160030'),
(90,1905,'AUTO','2026-01-24 12:11:46','SYSTEM',NULL,'2026-01-26 16:00:30','20260126160030'),
(91,1906,'AUTO','2026-01-24 12:12:31','SYSTEM',NULL,'2026-01-26 16:00:30','20260126160030'),
(92,1908,'AUTO','2026-01-24 12:14:38','SYSTEM',NULL,'2026-01-26 16:00:30','20260126160030'),
(93,1909,'AUTO','2026-01-24 12:15:19','SYSTEM',NULL,'2026-01-26 16:00:30','20260126160030'),
(94,1910,'AUTO','2026-01-24 12:15:51','SYSTEM',NULL,'2026-01-26 16:00:30','20260126160030'),
(95,1912,'AUTO','2026-01-24 12:23:17','SYSTEM',NULL,'2026-01-26 16:00:30','20260126160030'),
(96,1913,'AUTO','2026-01-24 12:23:43','SYSTEM',NULL,'2026-01-26 16:00:30','20260126160030'),
(97,1914,'AUTO','2026-01-24 12:37:53','SYSTEM',NULL,'2026-01-26 16:00:30','20260126160030'),
(98,1916,'AUTO','2026-01-24 12:39:07','SYSTEM',NULL,'2026-01-26 16:00:30','20260126160030'),
(99,1917,'AUTO','2026-01-24 12:39:52','SYSTEM',NULL,'2026-01-26 16:00:30','20260126160030'),
(100,1918,'AUTO','2026-01-24 12:40:22','SYSTEM',NULL,'2026-01-26 16:00:30','20260126160030'),
(101,1916,'REPRINT','2026-01-24 12:41:21','OPERATOR','Manual QR search reprint','2026-01-26 16:00:30','20260126160030'),
(102,1920,'AUTO','2026-02-02 15:23:04','SYSTEM',NULL,'2026-02-02 16:30:54','20260202163054'),
(103,1921,'AUTO','2026-02-02 15:23:44','SYSTEM',NULL,'2026-02-02 16:30:54','20260202163054'),
(104,1922,'AUTO','2026-02-02 15:24:46','SYSTEM',NULL,'2026-02-02 16:30:54','20260202163054'),
(105,1923,'AUTO','2026-02-02 15:25:51','SYSTEM',NULL,'2026-02-02 16:30:54','20260202163054'),
(106,1924,'AUTO','2026-02-02 15:26:53','SYSTEM',NULL,'2026-02-02 16:30:54','20260202163054'),
(107,1925,'AUTO','2026-02-02 15:27:59','SYSTEM',NULL,'2026-02-02 16:30:54','20260202163054'),
(108,1926,'AUTO','2026-02-02 15:29:00','SYSTEM',NULL,'2026-02-02 16:30:54','20260202163054'),
(109,1927,'AUTO','2026-02-02 15:30:02','SYSTEM',NULL,'2026-02-02 16:30:54','20260202163054'),
(110,1928,'AUTO','2026-02-02 15:48:53','SYSTEM',NULL,'2026-02-02 17:09:43','20260202170943'),
(111,1929,'AUTO','2026-02-02 15:49:55','SYSTEM',NULL,'2026-02-02 17:09:43','20260202170943'),
(112,1930,'AUTO','2026-02-02 15:50:57','SYSTEM',NULL,'2026-02-02 17:09:43','20260202170943'),
(113,1931,'AUTO','2026-02-02 15:51:58','SYSTEM',NULL,'2026-02-02 17:09:43','20260202170943'),
(114,1932,'AUTO','2026-02-02 15:52:59','SYSTEM',NULL,'2026-02-02 17:09:43','20260202170943'),
(115,1934,'AUTO','2026-02-02 15:55:13','SYSTEM',NULL,'2026-02-02 17:09:43','20260202170943'),
(116,1935,'AUTO','2026-02-02 15:56:14','SYSTEM',NULL,'2026-02-02 17:09:43','20260202170943'),
(117,1936,'AUTO','2026-02-02 15:57:15','SYSTEM',NULL,'2026-02-02 17:09:43','20260202170943'),
(118,1937,'AUTO','2026-02-02 15:58:16','SYSTEM',NULL,'2026-02-02 17:09:43','20260202170943');
/*!40000 ALTER TABLE `cycle_print_log_archive` ENABLE KEYS */;
UNLOCK TABLES;
commit;

--
-- Table structure for table `cycles`
--

DROP TABLE IF EXISTS `cycles`;
/*!40101 SET @saved_cs_client     = @@character_set_client */;
/*!40101 SET character_set_client = utf8mb4 */;
CREATE TABLE `cycles` (
  `id` int(11) NOT NULL AUTO_INCREMENT,
  `timestamp` datetime DEFAULT NULL,
  `model_id` int(11) DEFAULT NULL,
  `model_name` varchar(100) DEFAULT NULL,
  `model_type` varchar(50) DEFAULT NULL,
  `peak_height` float DEFAULT NULL,
  `pass_fail` varchar(10) DEFAULT NULL,
  `qr_code` text DEFAULT NULL,
  `printed` tinyint(1) DEFAULT 0,
  PRIMARY KEY (`id`),
  KEY `model_id` (`model_id`),
  CONSTRAINT `cycles_ibfk_1` FOREIGN KEY (`model_id`) REFERENCES `models` (`id`)
) ENGINE=InnoDB AUTO_INCREMENT=2030 DEFAULT CHARSET=utf8mb4 COLLATE=utf8mb4_uca1400_ai_ci;
/*!40101 SET character_set_client = @saved_cs_client */;

--
-- Dumping data for table `cycles`
--

LOCK TABLES `cycles` WRITE;
/*!40000 ALTER TABLE `cycles` DISABLE KEYS */;
set autocommit=0;
INSERT INTO `cycles` VALUES
(1945,'2026-02-02 16:15:26',18,'G507','RHD',23.84,'FAIL',NULL,0),
(1946,'2026-02-02 16:16:29',18,'G507','RHD',23.85,'FAIL',NULL,0),
(1947,'2026-02-02 16:17:30',18,'G507','RHD',23.83,'FAIL',NULL,0),
(1948,'2026-02-02 16:18:32',18,'G507','RHD',23.81,'FAIL',NULL,0),
(1949,'2026-02-02 16:19:33',18,'G507','RHD',23.87,'FAIL',NULL,0),
(1950,'2026-02-02 16:20:35',18,'G507','RHD',23.89,'FAIL',NULL,0),
(1951,'2026-02-02 16:21:36',18,'G507','RHD',23.91,'FAIL',NULL,0),
(1952,'2026-02-02 16:23:43',18,'G507','RHD',23.87,'FAIL',NULL,0),
(1953,'2026-02-02 16:24:44',18,'G507','RHD',23.81,'FAIL',NULL,0),
(1954,'2026-02-02 16:25:45',18,'G507','RHD',23.77,'FAIL',NULL,0),
(1955,'2026-02-02 16:26:46',18,'G507','RHD',23.85,'FAIL',NULL,0),
(1956,'2026-02-02 16:27:47',18,'G507','RHD',23.87,'FAIL',NULL,0),
(1957,'2026-02-02 16:28:50',18,'G507','RHD',23.93,'FAIL',NULL,0),
(1958,'2026-02-02 16:29:53',18,'G507','RHD',23.87,'FAIL',NULL,0),
(1959,'2026-02-02 16:31:58',18,'G507','RHD',23.86,'FAIL',NULL,0),
(1960,'2026-02-02 16:33:11',18,'G507','RHD',26.17,'PASS','G507.100127',1),
(1961,'2026-02-02 16:35:52',18,'G507','RHD',23.36,'FAIL',NULL,0),
(1962,'2026-02-02 16:36:29',18,'G507','RHD',26.23,'PASS','G507.100128',1),
(1963,'2026-02-02 16:37:07',18,'G507','RHD',26.06,'PASS','G507.100129',1),
(1964,'2026-02-02 16:37:45',18,'G507','RHD',26.21,'PASS','G507.100130',1),
(1965,'2026-02-02 16:38:23',18,'G507','RHD',26.17,'PASS','G507.100131',1),
(1966,'2026-02-02 16:39:01',18,'G507','RHD',26.06,'PASS','G507.100132',1),
(1967,'2026-02-02 16:39:39',18,'G507','RHD',26.25,'PASS','G507.100133',1),
(1968,'2026-02-02 16:40:16',18,'G507','RHD',23.9,'FAIL',NULL,0),
(1969,'2026-02-02 16:40:54',18,'G507','RHD',26.02,'PASS','G507.100134',1),
(1970,'2026-02-02 16:41:33',18,'G507','RHD',26.18,'PASS','G507.100135',1),
(1971,'2026-02-02 16:42:11',18,'G507','RHD',26.25,'PASS','G507.100136',1),
(1972,'2026-02-02 16:42:49',18,'G507','RHD',26.15,'PASS','G507.100137',1),
(1973,'2026-02-02 16:43:27',18,'G507','RHD',21.96,'FAIL',NULL,0),
(1974,'2026-02-02 16:44:05',18,'G507','RHD',26.2,'PASS','G507.100138',1),
(1975,'2026-02-02 16:45:47',18,'G507','RHD',26.23,'PASS','G507.100139',1),
(1976,'2026-02-02 16:46:26',18,'G507','RHD',26.25,'PASS','G507.100140',1),
(1977,'2026-02-02 16:47:04',18,'G507','RHD',26.2,'PASS','G507.100141',1),
(1978,'2026-02-02 16:47:42',18,'G507','RHD',26.22,'PASS','G507.100142',1),
(1979,'2026-02-02 16:48:59',18,'G507','RHD',26.24,'PASS','G507.100143',1),
(1980,'2026-02-02 16:49:37',18,'G507','RHD',26.23,'PASS','G507.100144',1),
(1981,'2026-02-02 16:50:16',18,'G507','RHD',26.26,'PASS','G507.100145',1),
(1982,'2026-02-02 16:50:54',18,'G507','RHD',26.09,'PASS','G507.100146',1),
(1983,'2026-02-02 16:51:32',18,'G507','RHD',26.27,'PASS','G507.100147',1),
(1984,'2026-02-02 16:52:09',18,'G507','RHD',26.21,'PASS','G507.100148',1),
(1985,'2026-02-02 16:52:24',18,'G507','RHD',24.55,'FAIL',NULL,0),
(1986,'2026-02-02 16:52:44',18,'G507','RHD',24.56,'FAIL',NULL,0),
(1987,'2026-02-02 16:53:05',18,'G507','RHD',24.56,'FAIL',NULL,0),
(1988,'2026-02-02 16:53:25',18,'G507','RHD',24.47,'FAIL',NULL,0),
(1989,'2026-02-02 16:54:15',20,'G675','LHD',60.47,'FAIL',NULL,0),
(1990,'2026-02-02 16:54:48',20,'G675','LHD',60.46,'FAIL',NULL,0),
(1991,'2026-02-02 16:55:21',20,'G675','LHD',60.47,'FAIL',NULL,0),
(1992,'2026-02-02 16:55:54',20,'G675','LHD',60.51,'FAIL',NULL,0),
(1993,'2026-02-02 16:56:27',20,'G675','LHD',60.5,'FAIL',NULL,0),
(1994,'2026-02-02 16:57:01',20,'G675','LHD',60.4,'FAIL',NULL,0),
(1995,'2026-02-02 16:57:34',20,'G675','LHD',60.46,'FAIL',NULL,0),
(1996,'2026-02-02 16:58:07',20,'G675','LHD',60.3,'FAIL',NULL,0),
(1997,'2026-02-02 16:58:39',20,'G675','LHD',60.34,'FAIL',NULL,0),
(1998,'2026-02-02 16:59:12',20,'G675','LHD',60.42,'FAIL',NULL,0),
(1999,'2026-02-02 16:59:46',20,'G675','LHD',60.46,'FAIL',NULL,0),
(2000,'2026-02-02 17:00:19',20,'G675','LHD',60.47,'FAIL',NULL,0),
(2001,'2026-02-02 17:00:52',20,'G675','LHD',60.51,'FAIL',NULL,0),
(2002,'2026-02-02 17:01:26',20,'G675','LHD',60.51,'FAIL',NULL,0),
(2003,'2026-02-02 17:01:59',20,'G675','LHD',60.41,'FAIL',NULL,0),
(2004,'2026-02-02 17:02:32',20,'G675','LHD',60.39,'FAIL',NULL,0),
(2005,'2026-02-02 17:03:05',20,'G675','LHD',60.5,'FAIL',NULL,0),
(2006,'2026-02-02 17:03:38',20,'G675','LHD',60.46,'FAIL',NULL,0),
(2007,'2026-02-02 17:04:11',20,'G675','LHD',60.42,'FAIL',NULL,0),
(2008,'2026-02-02 17:04:44',20,'G675','LHD',60.42,'FAIL',NULL,0),
(2009,'2026-02-02 17:05:18',20,'G675','LHD',60.46,'FAIL',NULL,0),
(2010,'2026-02-02 17:05:51',20,'G675','LHD',60.52,'FAIL',NULL,0),
(2011,'2026-02-02 17:06:24',20,'G675','LHD',60.48,'FAIL',NULL,0),
(2012,'2026-02-02 17:06:56',20,'G675','LHD',60.51,'FAIL',NULL,0),
(2013,'2026-02-02 17:07:29',20,'G675','LHD',60.46,'FAIL',NULL,0),
(2014,'2026-02-02 17:08:02',20,'G675','LHD',60.53,'FAIL',NULL,0),
(2015,'2026-02-02 17:08:36',20,'G675','LHD',60.45,'FAIL',NULL,0),
(2016,'2026-02-02 17:09:09',20,'G675','LHD',60.52,'FAIL',NULL,0),
(2017,'2026-02-02 17:10:19',20,'G675','LHD',60.42,'FAIL',NULL,0),
(2018,'2026-02-02 17:10:51',20,'G675','LHD',60.45,'FAIL',NULL,0),
(2019,'2026-02-02 17:11:25',20,'G675','LHD',60.46,'FAIL',NULL,0),
(2020,'2026-02-02 17:11:58',20,'G675','LHD',60.52,'FAIL',NULL,0),
(2021,'2026-02-02 17:12:31',20,'G675','LHD',60.43,'FAIL',NULL,0),
(2022,'2026-02-02 17:13:05',20,'G675','LHD',60.41,'FAIL',NULL,0),
(2023,'2026-02-02 17:13:38',20,'G675','LHD',60.46,'FAIL',NULL,0),
(2024,'2026-02-02 17:14:11',20,'G675','LHD',60.45,'FAIL',NULL,0),
(2025,'2026-02-02 17:14:50',20,'G675','LHD',4.37,'FAIL',NULL,0),
(2026,'2026-02-02 17:15:24',20,'G675','LHD',4.37,'PASS','G507.100149',1),
(2027,'2026-02-02 17:15:56',20,'G675','LHD',4.42,'PASS','G507.100150',1),
(2028,'2026-02-02 17:16:29',20,'G675','LHD',4.36,'PASS','G507.100151',1),
(2029,'2026-02-02 17:17:02',20,'G675','LHD',4.24,'PASS','G507.100152',1);
/*!40000 ALTER TABLE `cycles` ENABLE KEYS */;
UNLOCK TABLES;
commit;

--
-- Table structure for table `cycles_archive`
--

DROP TABLE IF EXISTS `cycles_archive`;
/*!40101 SET @saved_cs_client     = @@character_set_client */;
/*!40101 SET character_set_client = utf8mb4 */;
CREATE TABLE `cycles_archive` (
  `id` bigint(20) NOT NULL AUTO_INCREMENT,
  `timestamp` datetime NOT NULL,
  `model_id` bigint(20) DEFAULT NULL,
  `model_name` varchar(100) NOT NULL,
  `model_type` varchar(50) NOT NULL,
  `peak_height` decimal(10,3) NOT NULL,
  `pass_fail` enum('PASS','FAIL') NOT NULL,
  `qr_code` varchar(255) DEFAULT NULL,
  `printed` tinyint(1) NOT NULL DEFAULT 0,
  `archived_at` datetime NOT NULL,
  `purge_batch_id` varchar(32) NOT NULL,
  PRIMARY KEY (`id`),
  KEY `idx_ts` (`timestamp`),
  KEY `idx_qr` (`qr_code`),
  KEY `idx_batch` (`purge_batch_id`)
) ENGINE=InnoDB AUTO_INCREMENT=213 DEFAULT CHARSET=utf8mb4 COLLATE=utf8mb4_uca1400_ai_ci;
/*!40101 SET character_set_client = @saved_cs_client */;

--
-- Dumping data for table `cycles_archive`
--

LOCK TABLES `cycles_archive` WRITE;
/*!40000 ALTER TABLE `cycles_archive` DISABLE KEYS */;
set autocommit=0;
INSERT INTO `cycles_archive` VALUES
(1,'2026-01-22 01:08:38',NULL,'Unknown','LHD',1.980,'PASS','G508.100005',1,'2026-01-22 22:04:41','20260122220441'),
(2,'2026-01-22 01:10:00',NULL,'Unknown','LHD',0.020,'PASS','G508.100006',1,'2026-01-22 22:04:41','20260122220441'),
(3,'2026-01-22 01:10:48',NULL,'Unknown','LHD',9.170,'PASS','G508.100007',1,'2026-01-22 22:04:41','20260122220441'),
(4,'2026-01-22 01:11:25',NULL,'Unknown','RHD',7.780,'PASS','G507.100008',1,'2026-01-22 22:04:41','20260122220441'),
(5,'2026-01-22 01:23:49',NULL,'Unknown','LHD',9.000,'PASS','G508.100009',1,'2026-01-22 22:04:41','20260122220441'),
(6,'2026-01-22 01:35:33',19,'G508','LHD',7.560,'PASS','G508.100010',1,'2026-01-22 22:04:41','20260122220441'),
(7,'2026-01-22 01:36:02',18,'G507','RHD',9.000,'PASS','G507.100010',1,'2026-01-22 22:04:41','20260122220441'),
(8,'2026-01-22 01:36:29',18,'G507','RHD',6.230,'FAIL',NULL,0,'2026-01-22 22:04:41','20260122220441'),
(9,'2026-01-22 01:37:05',18,'G507','RHD',6.870,'FAIL',NULL,0,'2026-01-22 22:04:41','20260122220441'),
(10,'2026-01-22 01:37:40',18,'G507','RHD',7.660,'PASS','G507.100011',1,'2026-01-22 22:04:41','20260122220441'),
(11,'2026-01-22 01:38:10',18,'G507','RHD',6.630,'FAIL',NULL,0,'2026-01-22 22:04:41','20260122220441'),
(12,'2026-01-22 01:38:38',18,'G507','RHD',5.770,'FAIL',NULL,0,'2026-01-22 22:04:41','20260122220441'),
(13,'2026-01-22 01:39:10',18,'G507','RHD',7.920,'PASS','G507.100012',1,'2026-01-22 22:04:41','20260122220441'),
(14,'2026-01-22 01:39:52',18,'G507','RHD',4.720,'FAIL',NULL,0,'2026-01-22 22:04:41','20260122220441'),
(15,'2026-01-22 01:40:27',18,'G507','RHD',7.300,'PASS','G507.100013',1,'2026-01-22 22:04:41','20260122220441'),
(16,'2026-01-22 01:42:25',18,'G507','RHD',9.130,'PASS','G507.100014',0,'2026-01-22 22:04:41','20260122220441'),
(17,'2026-01-22 01:42:52',18,'G507','RHD',5.110,'FAIL',NULL,0,'2026-01-22 22:04:41','20260122220441'),
(18,'2026-01-22 01:43:31',18,'G507','RHD',4.800,'FAIL',NULL,0,'2026-01-22 22:04:41','20260122220441'),
(19,'2026-01-22 01:43:59',18,'G507','RHD',7.570,'PASS','G507.100015',0,'2026-01-22 22:04:41','20260122220441'),
(20,'2026-01-22 01:44:49',18,'G507','RHD',9.060,'PASS','G507.100016',0,'2026-01-22 22:04:41','20260122220441'),
(21,'2026-01-22 22:06:20',18,'G507','RHD',6.010,'FAIL',NULL,0,'2026-01-22 23:07:41','20260122230741'),
(22,'2026-01-22 22:06:57',18,'G507','RHD',8.570,'PASS','G507.100017',1,'2026-01-22 23:07:41','20260122230741'),
(23,'2026-01-22 22:07:32',18,'G507','RHD',6.910,'FAIL',NULL,0,'2026-01-22 23:07:41','20260122230741'),
(24,'2026-01-22 22:08:10',18,'G507','RHD',8.110,'PASS','G507.100018',1,'2026-01-22 23:12:33','20260122231233'),
(25,'2026-01-22 22:08:32',18,'G507','RHD',4.830,'FAIL',NULL,0,'2026-01-22 23:12:33','20260122231233'),
(26,'2026-01-22 22:08:53',18,'G507','RHD',6.300,'FAIL',NULL,0,'2026-01-22 23:12:33','20260122231233'),
(27,'2026-01-22 22:09:31',18,'G507','RHD',9.390,'PASS','G507.100019',1,'2026-01-22 23:12:33','20260122231233'),
(28,'2026-01-22 22:10:04',18,'G507','RHD',6.210,'FAIL',NULL,0,'2026-01-22 23:12:33','20260122231233'),
(29,'2026-01-22 22:10:32',18,'G507','RHD',9.330,'PASS','G507.100020',1,'2026-01-22 23:12:33','20260122231233'),
(30,'2026-01-22 22:11:04',18,'G507','RHD',9.290,'PASS','G507.100021',1,'2026-01-22 23:12:33','20260122231233'),
(31,'2026-01-22 22:11:33',18,'G507','RHD',10.050,'FAIL',NULL,0,'2026-01-22 23:12:33','20260122231233'),
(32,'2026-01-22 22:12:12',18,'G507','RHD',7.810,'PASS','G507.100022',1,'2026-01-22 23:12:33','20260122231233'),
(33,'2026-01-22 22:12:40',18,'G507','RHD',9.550,'PASS','G507.100023',1,'2026-01-22 23:15:15','20260122231515'),
(34,'2026-01-22 22:13:07',18,'G507','RHD',10.080,'FAIL',NULL,0,'2026-01-22 23:15:15','20260122231515'),
(35,'2026-01-22 22:13:43',18,'G507','RHD',6.490,'FAIL',NULL,0,'2026-01-22 23:15:15','20260122231515'),
(36,'2026-01-22 22:14:34',18,'G507','RHD',5.790,'FAIL',NULL,0,'2026-01-22 23:15:15','20260122231515'),
(37,'2026-01-22 22:15:10',18,'G507','RHD',6.060,'FAIL',NULL,0,'2026-01-22 23:15:15','20260122231515'),
(38,'2026-01-22 22:15:38',18,'G507','RHD',6.540,'FAIL',NULL,0,'2026-01-22 23:17:27','20260122231727'),
(39,'2026-01-22 22:16:12',18,'G507','RHD',5.760,'FAIL',NULL,0,'2026-01-22 23:17:27','20260122231727'),
(40,'2026-01-22 22:16:51',18,'G507','RHD',8.580,'PASS','G507.100024',1,'2026-01-22 23:17:27','20260122231727'),
(41,'2026-01-22 22:17:18',18,'G507','RHD',9.500,'PASS','G507.100025',1,'2026-01-22 23:17:27','20260122231727'),
(42,'2026-01-22 22:17:49',18,'G507','RHD',7.000,'PASS','G507.100026',1,'2026-01-22 23:19:46','20260122231946'),
(43,'2026-01-22 22:18:19',18,'G507','RHD',10.000,'PASS','G507.100027',1,'2026-01-22 23:19:46','20260122231946'),
(44,'2026-01-22 22:19:04',18,'G507','RHD',7.190,'PASS','G507.100028',1,'2026-01-22 23:19:46','20260122231946'),
(45,'2026-01-22 22:19:46',18,'G507','RHD',7.730,'PASS','G507.100029',1,'2026-01-22 23:19:46','20260122231946'),
(46,'2026-01-22 22:20:16',18,'G507','RHD',6.350,'FAIL',NULL,0,'2026-01-23 23:12:50','20260123231250'),
(47,'2026-01-22 22:20:43',18,'G507','RHD',6.160,'FAIL',NULL,0,'2026-01-23 23:12:50','20260123231250'),
(48,'2026-01-22 22:21:17',18,'G507','RHD',8.070,'PASS','G507.100030',1,'2026-01-23 23:12:50','20260123231250'),
(49,'2026-01-22 22:21:42',18,'G507','RHD',5.320,'FAIL',NULL,0,'2026-01-23 23:12:50','20260123231250'),
(50,'2026-01-22 22:22:10',18,'G507','RHD',8.450,'PASS','G507.100031',1,'2026-01-23 23:12:50','20260123231250'),
(51,'2026-01-22 22:22:57',18,'G507','RHD',8.310,'PASS','G507.100032',1,'2026-01-23 23:12:50','20260123231250'),
(52,'2026-01-22 22:23:24',18,'G507','RHD',6.300,'FAIL',NULL,0,'2026-01-23 23:12:50','20260123231250'),
(53,'2026-01-22 22:24:02',18,'G507','RHD',6.450,'FAIL',NULL,0,'2026-01-23 23:12:50','20260123231250'),
(54,'2026-01-22 22:24:40',18,'G507','RHD',5.940,'FAIL',NULL,0,'2026-01-23 23:12:50','20260123231250'),
(55,'2026-01-22 22:25:55',18,'G507','RHD',6.670,'FAIL',NULL,0,'2026-01-23 23:12:50','20260123231250'),
(56,'2026-01-22 22:26:20',18,'G507','RHD',6.510,'FAIL',NULL,0,'2026-01-23 23:12:50','20260123231250'),
(57,'2026-01-22 22:26:52',18,'G507','RHD',6.100,'FAIL',NULL,0,'2026-01-23 23:12:50','20260123231250'),
(58,'2026-01-22 22:27:54',18,'G507','RHD',7.630,'PASS','G507.100033',1,'2026-01-23 23:12:50','20260123231250'),
(59,'2026-01-22 22:28:52',18,'G507','RHD',9.250,'PASS','G507.100034',1,'2026-01-23 23:12:50','20260123231250'),
(60,'2026-01-22 22:29:20',18,'G507','RHD',6.650,'FAIL',NULL,0,'2026-01-23 23:12:50','20260123231250'),
(61,'2026-01-22 22:29:57',18,'G507','RHD',6.340,'FAIL',NULL,0,'2026-01-23 23:12:50','20260123231250'),
(62,'2026-01-22 22:30:31',18,'G507','RHD',9.450,'PASS','G507.100035',1,'2026-01-23 23:12:50','20260123231250'),
(63,'2026-01-22 22:31:12',18,'G507','RHD',5.450,'FAIL',NULL,0,'2026-01-23 23:12:50','20260123231250'),
(64,'2026-01-22 22:32:25',18,'G507','RHD',7.830,'PASS','G507.100036',1,'2026-01-23 23:12:50','20260123231250'),
(65,'2026-01-22 22:33:29',18,'G507','RHD',9.810,'PASS','G507.100037',1,'2026-01-23 23:12:50','20260123231250'),
(66,'2026-01-22 22:34:24',18,'G507','RHD',6.490,'FAIL',NULL,0,'2026-01-23 23:12:50','20260123231250'),
(67,'2026-01-22 22:34:55',18,'G507','RHD',10.630,'FAIL',NULL,0,'2026-01-23 23:12:50','20260123231250'),
(68,'2026-01-22 22:35:27',18,'G507','RHD',8.480,'PASS','G507.100038',1,'2026-01-23 23:12:50','20260123231250'),
(69,'2026-01-22 22:36:01',18,'G507','RHD',9.190,'PASS','G507.100039',1,'2026-01-23 23:12:50','20260123231250'),
(70,'2026-01-22 22:36:36',18,'G507','RHD',9.910,'PASS','G507.100040',1,'2026-01-23 23:12:50','20260123231250'),
(71,'2026-01-22 22:37:00',18,'G507','RHD',7.850,'PASS','G507.100041',1,'2026-01-23 23:12:50','20260123231250'),
(72,'2026-01-22 22:37:28',18,'G507','RHD',9.680,'PASS','G507.100042',1,'2026-01-23 23:12:50','20260123231250'),
(73,'2026-01-22 22:37:58',18,'G507','RHD',6.660,'FAIL',NULL,0,'2026-01-23 23:12:50','20260123231250'),
(74,'2026-01-22 22:38:29',18,'G507','RHD',7.410,'PASS','G507.100043',1,'2026-01-23 23:12:50','20260123231250'),
(75,'2026-01-22 22:38:58',18,'G507','RHD',7.440,'PASS','G507.100044',1,'2026-01-23 23:12:50','20260123231250'),
(76,'2026-01-22 22:43:50',18,'G507','RHD',7.760,'PASS','G507.100045',1,'2026-01-23 23:12:50','20260123231250'),
(77,'2026-01-22 22:44:13',18,'G507','RHD',5.460,'FAIL',NULL,0,'2026-01-23 23:12:50','20260123231250'),
(78,'2026-01-22 22:44:51',18,'G507','RHD',8.060,'PASS','G507.100046',1,'2026-01-23 23:12:50','20260123231250'),
(79,'2026-01-22 22:47:31',18,'G507','RHD',7.390,'PASS','G507.100047',1,'2026-01-23 23:12:50','20260123231250'),
(80,'2026-01-22 22:48:01',18,'G507','RHD',9.960,'PASS','G507.100048',1,'2026-01-23 23:12:50','20260123231250'),
(81,'2026-01-22 22:48:29',18,'G507','RHD',8.710,'PASS','G507.100049',1,'2026-01-23 23:12:50','20260123231250'),
(82,'2026-01-22 22:49:10',18,'G507','RHD',4.080,'FAIL',NULL,0,'2026-01-23 23:12:50','20260123231250'),
(83,'2026-01-22 22:49:48',18,'G507','RHD',6.880,'FAIL',NULL,0,'2026-01-23 23:12:50','20260123231250'),
(84,'2026-01-22 22:50:28',18,'G507','RHD',7.110,'PASS','G507.100050',1,'2026-01-23 23:12:50','20260123231250'),
(85,'2026-01-22 22:51:03',18,'G507','RHD',8.940,'PASS','G507.100051',1,'2026-01-23 23:12:50','20260123231250'),
(86,'2026-01-22 22:51:42',18,'G507','RHD',7.360,'PASS','G507.100052',1,'2026-01-23 23:12:50','20260123231250'),
(87,'2026-01-22 22:52:06',18,'G507','RHD',6.360,'FAIL',NULL,0,'2026-01-23 23:12:50','20260123231250'),
(88,'2026-01-22 22:52:41',18,'G507','RHD',10.710,'FAIL',NULL,0,'2026-01-23 23:12:50','20260123231250'),
(89,'2026-01-22 22:53:11',18,'G507','RHD',8.010,'PASS','G507.100053',1,'2026-01-23 23:12:50','20260123231250'),
(90,'2026-01-22 22:53:33',18,'G507','RHD',4.400,'FAIL',NULL,0,'2026-01-23 23:12:50','20260123231250'),
(91,'2026-01-22 22:54:07',18,'G507','RHD',9.350,'PASS','G507.100054',1,'2026-01-23 23:12:50','20260123231250'),
(92,'2026-01-22 22:54:47',18,'G507','RHD',8.690,'PASS','G507.100055',1,'2026-01-23 23:12:50','20260123231250'),
(93,'2026-01-22 22:55:26',18,'G507','RHD',6.900,'FAIL',NULL,0,'2026-01-23 23:12:50','20260123231250'),
(94,'2026-01-22 22:55:51',18,'G507','RHD',5.090,'FAIL',NULL,0,'2026-01-23 23:12:50','20260123231250'),
(95,'2026-01-22 22:56:18',18,'G507','RHD',10.160,'FAIL',NULL,0,'2026-01-23 23:12:50','20260123231250'),
(96,'2026-01-22 22:56:50',18,'G507','RHD',5.960,'FAIL',NULL,0,'2026-01-23 23:12:50','20260123231250'),
(97,'2026-01-22 22:57:30',18,'G507','RHD',6.940,'FAIL',NULL,0,'2026-01-23 23:12:50','20260123231250'),
(98,'2026-01-22 22:58:09',18,'G507','RHD',8.100,'PASS','G507.100056',1,'2026-01-23 23:12:50','20260123231250'),
(99,'2026-01-22 22:59:12',18,'G507','RHD',5.570,'FAIL',NULL,0,'2026-01-23 23:12:50','20260123231250'),
(100,'2026-01-22 22:59:59',18,'G507','RHD',10.130,'FAIL',NULL,0,'2026-01-23 23:12:50','20260123231250'),
(101,'2026-01-22 23:00:46',18,'G507','RHD',9.910,'PASS','G507.100057',1,'2026-01-23 23:12:50','20260123231250'),
(102,'2026-01-22 23:01:20',18,'G507','RHD',7.540,'PASS','G507.100058',1,'2026-01-23 23:12:50','20260123231250'),
(103,'2026-01-22 23:01:52',18,'G507','RHD',6.660,'FAIL',NULL,0,'2026-01-23 23:12:50','20260123231250'),
(104,'2026-01-22 23:02:26',18,'G507','RHD',6.580,'FAIL',NULL,0,'2026-01-23 23:12:50','20260123231250'),
(105,'2026-01-22 23:02:54',18,'G507','RHD',7.760,'PASS','G507.100059',1,'2026-01-23 23:12:50','20260123231250'),
(106,'2026-01-22 23:03:28',18,'G507','RHD',9.780,'PASS','G507.100060',1,'2026-01-23 23:12:50','20260123231250'),
(107,'2026-01-22 23:04:07',18,'G507','RHD',8.820,'PASS','G507.100061',1,'2026-01-23 23:12:50','20260123231250'),
(108,'2026-01-22 23:05:02',18,'G507','RHD',9.700,'PASS','G507.100062',1,'2026-01-23 23:12:50','20260123231250'),
(109,'2026-01-22 23:05:25',18,'G507','RHD',6.350,'FAIL',NULL,0,'2026-01-23 23:12:50','20260123231250'),
(110,'2026-01-22 23:05:55',18,'G507','RHD',9.010,'PASS','G507.100063',1,'2026-01-23 23:12:50','20260123231250'),
(111,'2026-01-22 23:06:26',18,'G507','RHD',6.360,'FAIL',NULL,0,'2026-01-23 23:12:50','20260123231250'),
(112,'2026-01-22 23:06:50',18,'G507','RHD',4.730,'FAIL',NULL,0,'2026-01-23 23:12:50','20260123231250'),
(113,'2026-01-22 23:08:21',18,'G507','RHD',5.350,'FAIL',NULL,0,'2026-01-23 23:12:50','20260123231250'),
(114,'2026-01-22 23:08:58',18,'G507','RHD',4.790,'FAIL',NULL,0,'2026-01-23 23:12:50','20260123231250'),
(115,'2026-01-22 23:09:33',18,'G507','RHD',7.080,'PASS','G507.100064',1,'2026-01-23 23:12:50','20260123231250'),
(116,'2026-01-22 23:10:17',18,'G507','RHD',10.120,'FAIL',NULL,0,'2026-01-23 23:12:50','20260123231250'),
(117,'2026-01-22 23:10:53',18,'G507','RHD',9.830,'PASS','G507.100065',1,'2026-01-23 23:12:50','20260123231250'),
(118,'2026-01-22 23:11:36',18,'G507','RHD',6.430,'FAIL',NULL,0,'2026-01-23 23:12:50','20260123231250'),
(119,'2026-01-22 23:12:09',18,'G507','RHD',6.660,'FAIL',NULL,0,'2026-01-23 23:12:50','20260123231250'),
(120,'2026-01-22 23:15:55',18,'G507','RHD',8.710,'PASS','G507.100066',1,'2026-01-23 23:12:50','20260123231250'),
(121,'2026-01-22 23:16:43',18,'G507','RHD',11.040,'FAIL',NULL,0,'2026-01-23 23:12:50','20260123231250'),
(122,'2026-01-22 23:17:13',18,'G507','RHD',6.220,'FAIL',NULL,0,'2026-01-23 23:12:50','20260123231250'),
(123,'2026-01-22 23:18:03',18,'G507','RHD',9.070,'PASS','G507.100067',1,'2026-01-23 23:12:50','20260123231250'),
(124,'2026-01-22 23:20:32',18,'G507','RHD',8.470,'PASS','G507.100068',1,'2026-01-23 23:12:50','20260123231250'),
(125,'2026-01-22 23:21:08',18,'G507','RHD',6.690,'FAIL',NULL,0,'2026-01-23 23:12:50','20260123231250'),
(126,'2026-01-22 23:21:39',18,'G507','RHD',6.530,'FAIL',NULL,0,'2026-01-23 23:12:50','20260123231250'),
(127,'2026-01-22 23:22:27',18,'G507','RHD',6.520,'FAIL',NULL,0,'2026-01-23 23:12:50','20260123231250'),
(128,'2026-01-22 23:23:05',18,'G507','RHD',9.120,'PASS','G507.100069',1,'2026-01-23 23:12:50','20260123231250'),
(129,'2026-01-23 23:14:26',18,'G507','RHD',9.200,'PASS','G507.100070',1,'2026-01-24 00:50:06','20260124005006'),
(130,'2026-01-23 23:14:55',18,'G507','RHD',10.690,'FAIL',NULL,0,'2026-01-24 00:50:06','20260124005006'),
(131,'2026-01-23 23:15:22',18,'G507','RHD',10.470,'FAIL',NULL,0,'2026-01-24 00:50:06','20260124005006'),
(132,'2026-01-23 23:15:57',18,'G507','RHD',9.670,'PASS','G507.100071',1,'2026-01-24 00:50:06','20260124005006'),
(133,'2026-01-23 23:16:24',18,'G507','RHD',10.540,'FAIL',NULL,0,'2026-01-24 00:50:06','20260124005006'),
(134,'2026-01-23 23:16:45',18,'G507','RHD',6.810,'FAIL',NULL,0,'2026-01-24 00:50:06','20260124005006'),
(135,'2026-01-23 23:25:50',18,'G507','RHD',6.470,'FAIL',NULL,0,'2026-01-24 00:50:06','20260124005006'),
(136,'2026-01-23 23:41:33',18,'G507','RHD',9.760,'PASS','G507.100072',1,'2026-01-24 00:50:06','20260124005006'),
(137,'2026-01-23 23:41:55',18,'G507','RHD',9.090,'PASS','G507.100073',1,'2026-01-24 00:50:06','20260124005006'),
(138,'2026-01-23 23:45:54',18,'G507','RHD',9.440,'PASS','G507.100074',1,'2026-01-24 00:50:06','20260124005006'),
(139,'2026-01-24 00:01:33',18,'G507','RHD',8.410,'PASS','G507.100075',1,'2026-01-24 11:24:29','20260124112429'),
(140,'2026-01-24 00:02:02',18,'G507','RHD',8.060,'PASS','G507.100076',1,'2026-01-24 11:24:29','20260124112429'),
(141,'2026-01-24 00:02:35',18,'G507','RHD',9.050,'PASS','G507.100077',1,'2026-01-24 11:24:29','20260124112429'),
(142,'2026-01-24 00:03:01',18,'G507','RHD',4.810,'FAIL',NULL,0,'2026-01-24 11:24:29','20260124112429'),
(143,'2026-01-24 00:03:28',18,'G507','RHD',5.680,'FAIL',NULL,0,'2026-01-24 11:24:29','20260124112429'),
(144,'2026-01-24 00:03:50',18,'G507','RHD',8.970,'PASS','G507.100078',1,'2026-01-24 11:24:29','20260124112429'),
(145,'2026-01-24 00:04:20',18,'G507','RHD',7.910,'PASS','G507.100079',1,'2026-01-24 11:24:29','20260124112429'),
(146,'2026-01-24 00:04:51',18,'G507','RHD',8.170,'PASS','G507.100080',1,'2026-01-24 11:24:29','20260124112429'),
(147,'2026-01-24 00:05:14',18,'G507','RHD',4.960,'FAIL',NULL,0,'2026-01-24 11:24:29','20260124112429'),
(148,'2026-01-24 00:05:32',18,'G507','RHD',6.640,'FAIL',NULL,0,'2026-01-24 11:24:29','20260124112429'),
(149,'2026-01-24 00:50:59',18,'G507','RHD',7.390,'PASS','G507.100081',1,'2026-01-24 11:24:29','20260124112429'),
(150,'2026-01-24 00:51:27',18,'G507','RHD',8.750,'PASS','G507.100082',1,'2026-01-24 11:24:29','20260124112429'),
(151,'2026-01-24 00:51:49',18,'G507','RHD',6.620,'FAIL',NULL,0,'2026-01-24 11:24:29','20260124112429'),
(152,'2026-01-24 00:53:26',18,'G507','RHD',5.940,'FAIL',NULL,0,'2026-01-24 11:24:29','20260124112429'),
(153,'2026-01-24 00:53:47',18,'G507','RHD',8.240,'PASS','G507.100083',1,'2026-01-24 11:24:29','20260124112429'),
(154,'2026-01-24 11:25:33',18,'G507','RHD',10.550,'FAIL',NULL,0,'2026-01-24 12:37:10','20260124123710'),
(155,'2026-01-24 11:26:10',18,'G507','RHD',8.010,'PASS','G507.100084',1,'2026-01-24 12:37:10','20260124123710'),
(156,'2026-01-24 11:26:48',18,'G507','RHD',5.680,'FAIL',NULL,0,'2026-01-24 12:37:10','20260124123710'),
(157,'2026-01-24 11:34:22',18,'G507','RHD',7.280,'PASS','G507.100085',1,'2026-01-24 12:37:10','20260124123710'),
(158,'2026-01-24 11:39:26',18,'G507','RHD',9.740,'PASS','G507.100086',1,'2026-01-24 12:40:35','20260124124035'),
(159,'2026-01-24 11:40:08',18,'G507','RHD',10.050,'FAIL',NULL,0,'2026-01-24 12:40:35','20260124124035'),
(160,'2026-01-24 11:40:39',18,'G507','RHD',6.930,'FAIL',NULL,0,'2026-01-26 16:00:30','20260126160030'),
(161,'2026-01-24 11:49:09',18,'G507','RHD',7.390,'PASS','G507.100087',1,'2026-01-26 16:00:30','20260126160030'),
(162,'2026-01-24 11:49:51',18,'G507','RHD',7.660,'PASS','G507.100088',0,'2026-01-26 16:00:30','20260126160030'),
(163,'2026-01-24 11:50:21',18,'G507','RHD',7.900,'PASS','G507.100089',0,'2026-01-26 16:00:30','20260126160030'),
(164,'2026-01-24 11:50:49',18,'G507','RHD',5.580,'PASS','G507.100090',0,'2026-01-26 16:00:30','20260126160030'),
(165,'2026-01-24 11:51:24',18,'G507','RHD',5.510,'PASS','G507.100091',0,'2026-01-26 16:00:30','20260126160030'),
(166,'2026-01-24 11:52:33',18,'G507','RHD',9.380,'PASS','G507.100092',1,'2026-01-26 16:00:30','20260126160030'),
(167,'2026-01-24 11:53:07',18,'G507','RHD',7.020,'PASS','G507.100093',1,'2026-01-26 16:00:30','20260126160030'),
(168,'2026-01-24 11:57:16',18,'G507','RHD',9.160,'PASS','G507.100094',1,'2026-01-26 16:00:30','20260126160030'),
(169,'2026-01-24 11:59:04',18,'G507','RHD',7.660,'PASS','G507.100095',1,'2026-01-26 16:00:30','20260126160030'),
(170,'2026-01-24 11:59:29',18,'G507','RHD',6.420,'PASS','G507.100096',1,'2026-01-26 16:00:30','20260126160030'),
(171,'2026-01-24 12:00:11',18,'G507','RHD',7.410,'PASS','G507.100097',1,'2026-01-26 16:00:30','20260126160030'),
(172,'2026-01-24 12:11:16',18,'G507','RHD',8.580,'PASS','G507.100098',1,'2026-01-26 16:00:30','20260126160030'),
(173,'2026-01-24 12:11:46',18,'G507','RHD',6.990,'PASS','G507.100099',1,'2026-01-26 16:00:30','20260126160030'),
(174,'2026-01-24 12:12:31',18,'G507','RHD',8.740,'PASS','G507.100100',1,'2026-01-26 16:00:30','20260126160030'),
(175,'2026-01-24 12:14:08',18,'G507','RHD',4.810,'FAIL',NULL,0,'2026-01-26 16:00:30','20260126160030'),
(176,'2026-01-24 12:14:38',18,'G507','RHD',7.770,'PASS','G507.100101',1,'2026-01-26 16:00:30','20260126160030'),
(177,'2026-01-24 12:15:19',18,'G507','RHD',8.600,'PASS','G507.100102',1,'2026-01-26 16:00:30','20260126160030'),
(178,'2026-01-24 12:15:51',18,'G507','RHD',8.780,'PASS','G507.100103',1,'2026-01-26 16:00:30','20260126160030'),
(179,'2026-01-24 12:22:32',18,'G507','RHD',4.240,'FAIL',NULL,0,'2026-01-26 16:00:30','20260126160030'),
(180,'2026-01-24 12:23:17',18,'G507','RHD',9.080,'PASS','G507.100104',1,'2026-01-26 16:00:30','20260126160030'),
(181,'2026-01-24 12:23:43',18,'G507','RHD',6.570,'PASS','G507.100105',1,'2026-01-26 16:00:30','20260126160030'),
(182,'2026-01-24 12:37:52',18,'G507','RHD',6.590,'PASS','G507.100106',1,'2026-01-26 16:00:30','20260126160030'),
(183,'2026-01-24 12:38:25',18,'G507','RHD',10.820,'FAIL',NULL,0,'2026-01-26 16:00:30','20260126160030'),
(184,'2026-01-24 12:39:07',18,'G507','RHD',6.950,'PASS','G507.100107',1,'2026-01-26 16:00:30','20260126160030'),
(185,'2026-01-24 12:39:52',18,'G507','RHD',6.380,'PASS','G507.100108',1,'2026-01-26 16:00:30','20260126160030'),
(186,'2026-01-24 12:40:22',18,'G507','RHD',6.110,'PASS','G507.100109',1,'2026-01-26 16:00:30','20260126160030'),
(187,'2026-01-26 17:18:04',18,'G507','RHD',0.000,'FAIL',NULL,0,'2026-02-02 14:30:37','20260202143037'),
(188,'2026-02-02 15:23:02',18,'G507','RHD',25.850,'PASS','G507.100110',1,'2026-02-02 16:30:54','20260202163054'),
(189,'2026-02-02 15:23:44',18,'G507','RHD',26.300,'PASS','G507.100111',1,'2026-02-02 16:30:54','20260202163054'),
(190,'2026-02-02 15:24:45',18,'G507','RHD',26.300,'PASS','G507.100112',1,'2026-02-02 16:30:54','20260202163054'),
(191,'2026-02-02 15:25:51',18,'G507','RHD',26.300,'PASS','G507.100113',1,'2026-02-02 16:30:54','20260202163054'),
(192,'2026-02-02 15:26:53',18,'G507','RHD',26.370,'PASS','G507.100114',1,'2026-02-02 16:30:54','20260202163054'),
(193,'2026-02-02 15:27:59',18,'G507','RHD',26.310,'PASS','G507.100115',1,'2026-02-02 16:30:54','20260202163054'),
(194,'2026-02-02 15:29:00',18,'G507','RHD',26.230,'PASS','G507.100116',1,'2026-02-02 16:30:54','20260202163054'),
(195,'2026-02-02 15:30:02',18,'G507','RHD',26.490,'PASS','G507.100117',1,'2026-02-02 16:30:54','20260202163054'),
(196,'2026-02-02 15:48:53',18,'G507','RHD',26.320,'PASS','G507.100118',1,'2026-02-02 17:09:43','20260202170943'),
(197,'2026-02-02 15:49:54',18,'G507','RHD',26.440,'PASS','G507.100119',1,'2026-02-02 17:09:43','20260202170943'),
(198,'2026-02-02 15:50:56',18,'G507','RHD',26.310,'PASS','G507.100120',1,'2026-02-02 17:09:43','20260202170943'),
(199,'2026-02-02 15:51:57',18,'G507','RHD',26.360,'PASS','G507.100121',1,'2026-02-02 17:09:43','20260202170943'),
(200,'2026-02-02 15:52:59',18,'G507','RHD',26.410,'PASS','G507.100122',1,'2026-02-02 17:09:43','20260202170943'),
(201,'2026-02-02 15:54:10',18,'G507','RHD',25.350,'FAIL',NULL,0,'2026-02-02 17:09:43','20260202170943'),
(202,'2026-02-02 15:55:12',18,'G507','RHD',26.460,'PASS','G507.100123',1,'2026-02-02 17:09:43','20260202170943'),
(203,'2026-02-02 15:56:13',18,'G507','RHD',26.390,'PASS','G507.100124',1,'2026-02-02 17:09:43','20260202170943'),
(204,'2026-02-02 15:57:15',18,'G507','RHD',26.330,'PASS','G507.100125',1,'2026-02-02 17:09:43','20260202170943'),
(205,'2026-02-02 15:58:16',18,'G507','RHD',26.350,'PASS','G507.100126',1,'2026-02-02 17:09:43','20260202170943'),
(206,'2026-02-02 16:08:11',18,'G507','RHD',23.870,'FAIL',NULL,0,'2026-02-02 17:09:43','20260202170943'),
(207,'2026-02-02 16:09:12',18,'G507','RHD',23.800,'FAIL',NULL,0,'2026-02-02 17:09:43','20260202170943'),
(208,'2026-02-02 16:10:13',18,'G507','RHD',23.920,'FAIL',NULL,0,'2026-02-02 17:14:35','20260202171435'),
(209,'2026-02-02 16:11:14',18,'G507','RHD',23.800,'FAIL',NULL,0,'2026-02-02 17:14:35','20260202171435'),
(210,'2026-02-02 16:12:23',18,'G507','RHD',23.850,'FAIL',NULL,0,'2026-02-02 17:14:35','20260202171435'),
(211,'2026-02-02 16:13:24',18,'G507','RHD',23.790,'FAIL',NULL,0,'2026-02-02 17:14:35','20260202171435'),
(212,'2026-02-02 16:14:25',18,'G507','RHD',23.790,'FAIL',NULL,0,'2026-02-02 17:14:35','20260202171435');
/*!40000 ALTER TABLE `cycles_archive` ENABLE KEYS */;
UNLOCK TABLES;
commit;

--
-- Table structure for table `models`
--

DROP TABLE IF EXISTS `models`;
/*!40101 SET @saved_cs_client     = @@character_set_client */;
/*!40101 SET character_set_client = utf8mb4 */;
CREATE TABLE `models` (
  `id` int(11) NOT NULL AUTO_INCREMENT,
  `name` varchar(100) DEFAULT NULL,
  `model_type` varchar(10) DEFAULT NULL,
  `lower_limit` float DEFAULT NULL,
  `upper_limit` float DEFAULT NULL,
  `touch_point` float DEFAULT NULL,
  PRIMARY KEY (`id`)
) ENGINE=InnoDB AUTO_INCREMENT=21 DEFAULT CHARSET=utf8mb4 COLLATE=utf8mb4_uca1400_ai_ci;
/*!40101 SET character_set_client = @saved_cs_client */;

--
-- Dumping data for table `models`
--

LOCK TABLES `models` WRITE;
/*!40000 ALTER TABLE `models` DISABLE KEYS */;
set autocommit=0;
INSERT INTO `models` VALUES
(18,'G507','RHD',5,10,20.786),
(19,'G508','LHD',7,9,18),
(20,'G675','LHD',1.09,6.78,56.09);
/*!40000 ALTER TABLE `models` ENABLE KEYS */;
UNLOCK TABLES;
commit;

--
-- Table structure for table `qr_codes`
--

DROP TABLE IF EXISTS `qr_codes`;
/*!40101 SET @saved_cs_client     = @@character_set_client */;
/*!40101 SET character_set_client = utf8mb4 */;
CREATE TABLE `qr_codes` (
  `id` int(11) NOT NULL AUTO_INCREMENT,
  `qr_data` longtext DEFAULT NULL,
  `created_at` datetime DEFAULT current_timestamp(),
  `filename` varchar(255) DEFAULT NULL,
  PRIMARY KEY (`id`),
  KEY `idx_created` (`created_at`)
) ENGINE=InnoDB AUTO_INCREMENT=1374 DEFAULT CHARSET=utf8mb4 COLLATE=utf8mb4_uca1400_ai_ci;
/*!40101 SET character_set_client = @saved_cs_client */;

--
-- Dumping data for table `qr_codes`
--

LOCK TABLES `qr_codes` WRITE;
/*!40000 ALTER TABLE `qr_codes` DISABLE KEYS */;
set autocommit=0;
INSERT INTO `qr_codes` VALUES
(1348,'G507.100127','2026-02-02 16:33:11','qr_images\\G507.100127.png'),
(1349,'G507.100128','2026-02-02 16:36:29','qr_images\\G507.100128.png'),
(1350,'G507.100129','2026-02-02 16:37:07','qr_images\\G507.100129.png'),
(1351,'G507.100130','2026-02-02 16:37:45','qr_images\\G507.100130.png'),
(1352,'G507.100131','2026-02-02 16:38:23','qr_images\\G507.100131.png'),
(1353,'G507.100132','2026-02-02 16:39:01','qr_images\\G507.100132.png'),
(1354,'G507.100133','2026-02-02 16:39:39','qr_images\\G507.100133.png'),
(1355,'G507.100134','2026-02-02 16:40:55','qr_images\\G507.100134.png'),
(1356,'G507.100135','2026-02-02 16:41:33','qr_images\\G507.100135.png'),
(1357,'G507.100136','2026-02-02 16:42:11','qr_images\\G507.100136.png'),
(1358,'G507.100137','2026-02-02 16:42:49','qr_images\\G507.100137.png'),
(1359,'G507.100138','2026-02-02 16:44:05','qr_images\\G507.100138.png'),
(1360,'G507.100139','2026-02-02 16:45:47','qr_images\\G507.100139.png'),
(1361,'G507.100140','2026-02-02 16:46:26','qr_images\\G507.100140.png'),
(1362,'G507.100141','2026-02-02 16:47:04','qr_images\\G507.100141.png'),
(1363,'G507.100142','2026-02-02 16:47:42','qr_images\\G507.100142.png'),
(1364,'G507.100143','2026-02-02 16:48:59','qr_images\\G507.100143.png'),
(1365,'G507.100144','2026-02-02 16:49:37','qr_images\\G507.100144.png'),
(1366,'G507.100145','2026-02-02 16:50:16','qr_images\\G507.100145.png'),
(1367,'G507.100146','2026-02-02 16:50:54','qr_images\\G507.100146.png'),
(1368,'G507.100147','2026-02-02 16:51:32','qr_images\\G507.100147.png'),
(1369,'G507.100148','2026-02-02 16:52:09','qr_images\\G507.100148.png'),
(1370,'G507.100149','2026-02-02 17:15:24','qr_images\\G507.100149.png'),
(1371,'G507.100150','2026-02-02 17:15:57','qr_images\\G507.100150.png'),
(1372,'G507.100151','2026-02-02 17:16:30','qr_images\\G507.100151.png'),
(1373,'G507.100152','2026-02-02 17:17:03','qr_images\\G507.100152.png');
/*!40000 ALTER TABLE `qr_codes` ENABLE KEYS */;
UNLOCK TABLES;
commit;

--
-- Table structure for table `qr_codes_archive`
--

DROP TABLE IF EXISTS `qr_codes_archive`;
/*!40101 SET @saved_cs_client     = @@character_set_client */;
/*!40101 SET character_set_client = utf8mb4 */;
CREATE TABLE `qr_codes_archive` (
  `id` bigint(20) NOT NULL AUTO_INCREMENT,
  `qr_data` varchar(255) NOT NULL,
  `created_at` datetime NOT NULL,
  `filename` varchar(255) NOT NULL,
  `archived_at` datetime NOT NULL,
  `purge_batch_id` varchar(32) NOT NULL,
  PRIMARY KEY (`id`),
  KEY `idx_qr` (`qr_data`),
  KEY `idx_batch` (`purge_batch_id`)
) ENGINE=InnoDB AUTO_INCREMENT=129 DEFAULT CHARSET=utf8mb4 COLLATE=utf8mb4_uca1400_ai_ci;
/*!40101 SET character_set_client = @saved_cs_client */;

--
-- Dumping data for table `qr_codes_archive`
--

LOCK TABLES `qr_codes_archive` WRITE;
/*!40000 ALTER TABLE `qr_codes_archive` DISABLE KEYS */;
set autocommit=0;
INSERT INTO `qr_codes_archive` VALUES
(1,'G508.100000','2026-01-22 00:55:49','qr_images\\G508.100000.png','2026-01-22 22:04:41','20260122220441'),
(2,'G508.100001','2026-01-22 00:56:32','qr_images\\G508.100001.png','2026-01-22 22:04:41','20260122220441'),
(3,'G508.100002','2026-01-22 01:05:47','qr_images\\G508.100002.png','2026-01-22 22:04:41','20260122220441'),
(4,'G508.100003','2026-01-22 01:06:25','qr_images\\G508.100003.png','2026-01-22 22:04:41','20260122220441'),
(5,'G508.100004','2026-01-22 01:07:09','qr_images\\G508.100004.png','2026-01-22 22:04:41','20260122220441'),
(6,'G508.100005','2026-01-22 01:08:38','qr_images\\G508.100005.png','2026-01-22 22:04:41','20260122220441'),
(7,'G508.100006','2026-01-22 01:10:00','qr_images\\G508.100006.png','2026-01-22 22:04:41','20260122220441'),
(8,'G508.100007','2026-01-22 01:10:49','qr_images\\G508.100007.png','2026-01-22 22:04:41','20260122220441'),
(9,'G507.100008','2026-01-22 01:11:25','qr_images\\G507.100008.png','2026-01-22 22:04:41','20260122220441'),
(10,'G508.100009','2026-01-22 01:23:50','qr_images\\G508.100009.png','2026-01-22 22:04:41','20260122220441'),
(11,'G508.100010','2026-01-22 01:35:34','qr_images\\G508.100010.png','2026-01-22 22:04:41','20260122220441'),
(12,'G507.100010','2026-01-22 01:36:02','qr_images\\G507.100010.png','2026-01-22 22:04:41','20260122220441'),
(13,'G507.100011','2026-01-22 01:37:40','qr_images\\G507.100011.png','2026-01-22 22:04:41','20260122220441'),
(14,'G507.100012','2026-01-22 01:39:10','qr_images\\G507.100012.png','2026-01-22 22:04:41','20260122220441'),
(15,'G507.100013','2026-01-22 01:40:27','qr_images\\G507.100013.png','2026-01-22 22:04:41','20260122220441'),
(16,'G507.100014','2026-01-22 01:42:25','qr_images\\G507.100014.png','2026-01-22 22:04:41','20260122220441'),
(17,'G507.100015','2026-01-22 01:43:59','qr_images\\G507.100015.png','2026-01-22 22:04:41','20260122220441'),
(18,'G507.100016','2026-01-22 01:44:49','qr_images\\G507.100016.png','2026-01-22 22:04:41','20260122220441'),
(19,'G507.100017','2026-01-22 22:06:57','qr_images\\G507.100017.png','2026-01-22 23:07:41','20260122230741'),
(20,'G507.100018','2026-01-22 22:08:11','qr_images\\G507.100018.png','2026-01-22 23:12:33','20260122231233'),
(21,'G507.100019','2026-01-22 22:09:31','qr_images\\G507.100019.png','2026-01-22 23:12:33','20260122231233'),
(22,'G507.100020','2026-01-22 22:10:32','qr_images\\G507.100020.png','2026-01-22 23:12:33','20260122231233'),
(23,'G507.100021','2026-01-22 22:11:04','qr_images\\G507.100021.png','2026-01-22 23:12:33','20260122231233'),
(24,'G507.100022','2026-01-22 22:12:12','qr_images\\G507.100022.png','2026-01-22 23:12:33','20260122231233'),
(25,'G507.100023','2026-01-22 22:12:40','qr_images\\G507.100023.png','2026-01-22 23:15:15','20260122231515'),
(26,'G507.100024','2026-01-22 22:16:51','qr_images\\G507.100024.png','2026-01-22 23:17:27','20260122231727'),
(27,'G507.100025','2026-01-22 22:17:18','qr_images\\G507.100025.png','2026-01-22 23:17:27','20260122231727'),
(28,'G507.100026','2026-01-22 22:17:49','qr_images\\G507.100026.png','2026-01-22 23:19:46','20260122231946'),
(29,'G507.100027','2026-01-22 22:18:20','qr_images\\G507.100027.png','2026-01-22 23:19:46','20260122231946'),
(30,'G507.100028','2026-01-22 22:19:04','qr_images\\G507.100028.png','2026-01-22 23:19:46','20260122231946'),
(31,'G507.100029','2026-01-22 22:19:46','qr_images\\G507.100029.png','2026-01-22 23:19:46','20260122231946'),
(32,'G507.100030','2026-01-22 22:21:17','qr_images\\G507.100030.png','2026-01-23 23:12:50','20260123231250'),
(33,'G507.100031','2026-01-22 22:22:11','qr_images\\G507.100031.png','2026-01-23 23:12:50','20260123231250'),
(34,'G507.100032','2026-01-22 22:22:57','qr_images\\G507.100032.png','2026-01-23 23:12:50','20260123231250'),
(35,'G507.100033','2026-01-22 22:27:54','qr_images\\G507.100033.png','2026-01-23 23:12:50','20260123231250'),
(36,'G507.100034','2026-01-22 22:28:52','qr_images\\G507.100034.png','2026-01-23 23:12:50','20260123231250'),
(37,'G507.100035','2026-01-22 22:30:31','qr_images\\G507.100035.png','2026-01-23 23:12:50','20260123231250'),
(38,'G507.100036','2026-01-22 22:32:26','qr_images\\G507.100036.png','2026-01-23 23:12:50','20260123231250'),
(39,'G507.100037','2026-01-22 22:33:29','qr_images\\G507.100037.png','2026-01-23 23:12:50','20260123231250'),
(40,'G507.100038','2026-01-22 22:35:27','qr_images\\G507.100038.png','2026-01-23 23:12:50','20260123231250'),
(41,'G507.100039','2026-01-22 22:36:01','qr_images\\G507.100039.png','2026-01-23 23:12:50','20260123231250'),
(42,'G507.100040','2026-01-22 22:36:36','qr_images\\G507.100040.png','2026-01-23 23:12:50','20260123231250'),
(43,'G507.100041','2026-01-22 22:37:00','qr_images\\G507.100041.png','2026-01-23 23:12:50','20260123231250'),
(44,'G507.100042','2026-01-22 22:37:29','qr_images\\G507.100042.png','2026-01-23 23:12:50','20260123231250'),
(45,'G507.100043','2026-01-22 22:38:29','qr_images\\G507.100043.png','2026-01-23 23:12:50','20260123231250'),
(46,'G507.100044','2026-01-22 22:38:59','qr_images\\G507.100044.png','2026-01-23 23:12:50','20260123231250'),
(47,'G507.100045','2026-01-22 22:43:50','qr_images\\G507.100045.png','2026-01-23 23:12:50','20260123231250'),
(48,'G507.100046','2026-01-22 22:44:51','qr_images\\G507.100046.png','2026-01-23 23:12:50','20260123231250'),
(49,'G507.100047','2026-01-22 22:47:32','qr_images\\G507.100047.png','2026-01-23 23:12:50','20260123231250'),
(50,'G507.100048','2026-01-22 22:48:01','qr_images\\G507.100048.png','2026-01-23 23:12:50','20260123231250'),
(51,'G507.100049','2026-01-22 22:48:30','qr_images\\G507.100049.png','2026-01-23 23:12:50','20260123231250'),
(52,'G507.100050','2026-01-22 22:50:29','qr_images\\G507.100050.png','2026-01-23 23:12:50','20260123231250'),
(53,'G507.100051','2026-01-22 22:51:03','qr_images\\G507.100051.png','2026-01-23 23:12:50','20260123231250'),
(54,'G507.100052','2026-01-22 22:51:42','qr_images\\G507.100052.png','2026-01-23 23:12:50','20260123231250'),
(55,'G507.100053','2026-01-22 22:53:12','qr_images\\G507.100053.png','2026-01-23 23:12:50','20260123231250'),
(56,'G507.100054','2026-01-22 22:54:07','qr_images\\G507.100054.png','2026-01-23 23:12:50','20260123231250'),
(57,'G507.100055','2026-01-22 22:54:47','qr_images\\G507.100055.png','2026-01-23 23:12:50','20260123231250'),
(58,'G507.100056','2026-01-22 22:58:09','qr_images\\G507.100056.png','2026-01-23 23:12:50','20260123231250'),
(59,'G507.100057','2026-01-22 23:00:46','qr_images\\G507.100057.png','2026-01-23 23:12:50','20260123231250'),
(60,'G507.100058','2026-01-22 23:01:21','qr_images\\G507.100058.png','2026-01-23 23:12:50','20260123231250'),
(61,'G507.100059','2026-01-22 23:02:54','qr_images\\G507.100059.png','2026-01-23 23:12:50','20260123231250'),
(62,'G507.100060','2026-01-22 23:03:28','qr_images\\G507.100060.png','2026-01-23 23:12:50','20260123231250'),
(63,'G507.100061','2026-01-22 23:04:08','qr_images\\G507.100061.png','2026-01-23 23:12:50','20260123231250'),
(64,'G507.100062','2026-01-22 23:05:02','qr_images\\G507.100062.png','2026-01-23 23:12:50','20260123231250'),
(65,'G507.100063','2026-01-22 23:05:55','qr_images\\G507.100063.png','2026-01-23 23:12:50','20260123231250'),
(66,'G507.100064','2026-01-22 23:09:33','qr_images\\G507.100064.png','2026-01-23 23:12:50','20260123231250'),
(67,'G507.100065','2026-01-22 23:10:53','qr_images\\G507.100065.png','2026-01-23 23:12:50','20260123231250'),
(68,'G507.100066','2026-01-22 23:15:56','qr_images\\G507.100066.png','2026-01-23 23:12:50','20260123231250'),
(69,'G507.100067','2026-01-22 23:18:03','qr_images\\G507.100067.png','2026-01-23 23:12:50','20260123231250'),
(70,'G507.100068','2026-01-22 23:20:32','qr_images\\G507.100068.png','2026-01-23 23:12:50','20260123231250'),
(71,'G507.100069','2026-01-22 23:23:05','qr_images\\G507.100069.png','2026-01-23 23:12:50','20260123231250'),
(72,'G507.100070','2026-01-23 23:14:26','qr_images\\G507.100070.png','2026-01-24 00:50:06','20260124005006'),
(73,'G507.100071','2026-01-23 23:15:57','qr_images\\G507.100071.png','2026-01-24 00:50:06','20260124005006'),
(74,'G507.100072','2026-01-23 23:41:33','qr_images\\G507.100072.png','2026-01-24 00:50:06','20260124005006'),
(75,'G507.100073','2026-01-23 23:41:55','qr_images\\G507.100073.png','2026-01-24 00:50:06','20260124005006'),
(76,'G507.100074','2026-01-23 23:45:55','qr_images\\G507.100074.png','2026-01-24 00:50:06','20260124005006'),
(77,'G507.100075','2026-01-24 00:01:33','qr_images\\G507.100075.png','2026-01-24 11:24:29','20260124112429'),
(78,'G507.100076','2026-01-24 00:02:02','qr_images\\G507.100076.png','2026-01-24 11:24:29','20260124112429'),
(79,'G507.100077','2026-01-24 00:02:35','qr_images\\G507.100077.png','2026-01-24 11:24:29','20260124112429'),
(80,'G507.100078','2026-01-24 00:03:50','qr_images\\G507.100078.png','2026-01-24 11:24:29','20260124112429'),
(81,'G507.100079','2026-01-24 00:04:20','qr_images\\G507.100079.png','2026-01-24 11:24:29','20260124112429'),
(82,'G507.100080','2026-01-24 00:04:51','qr_images\\G507.100080.png','2026-01-24 11:24:29','20260124112429'),
(83,'G507.100081','2026-01-24 00:50:59','qr_images\\G507.100081.png','2026-01-24 11:24:29','20260124112429'),
(84,'G507.100082','2026-01-24 00:51:27','qr_images\\G507.100082.png','2026-01-24 11:24:29','20260124112429'),
(85,'G507.100083','2026-01-24 00:53:47','qr_images\\G507.100083.png','2026-01-24 11:24:29','20260124112429'),
(86,'G507.100084','2026-01-24 11:26:10','qr_images\\G507.100084.png','2026-01-24 12:37:10','20260124123710'),
(87,'G507.100085','2026-01-24 11:34:22','qr_images\\G507.100085.png','2026-01-24 12:37:10','20260124123710'),
(88,'G507.100086','2026-01-24 11:39:26','qr_images\\G507.100086.png','2026-01-24 12:40:35','20260124124035'),
(89,'G507.100087','2026-01-24 11:49:09','qr_images\\G507.100087.png','2026-01-26 16:00:30','20260126160030'),
(90,'G507.100088','2026-01-24 11:49:51','qr_images\\G507.100088.png','2026-01-26 16:00:30','20260126160030'),
(91,'G507.100089','2026-01-24 11:50:21','qr_images\\G507.100089.png','2026-01-26 16:00:30','20260126160030'),
(92,'G507.100090','2026-01-24 11:50:49','qr_images\\G507.100090.png','2026-01-26 16:00:30','20260126160030'),
(93,'G507.100091','2026-01-24 11:51:24','qr_images\\G507.100091.png','2026-01-26 16:00:30','20260126160030'),
(94,'G507.100092','2026-01-24 11:52:33','qr_images\\G507.100092.png','2026-01-26 16:00:30','20260126160030'),
(95,'G507.100093','2026-01-24 11:53:08','qr_images\\G507.100093.png','2026-01-26 16:00:30','20260126160030'),
(96,'G507.100094','2026-01-24 11:57:16','qr_images\\G507.100094.png','2026-01-26 16:00:30','20260126160030'),
(97,'G507.100095','2026-01-24 11:59:04','qr_images\\G507.100095.png','2026-01-26 16:00:30','20260126160030'),
(98,'G507.100096','2026-01-24 11:59:29','qr_images\\G507.100096.png','2026-01-26 16:00:30','20260126160030'),
(99,'G507.100097','2026-01-24 12:00:11','qr_images\\G507.100097.png','2026-01-26 16:00:30','20260126160030'),
(100,'G507.100098','2026-01-24 12:11:16','qr_images\\G507.100098.png','2026-01-26 16:00:30','20260126160030'),
(101,'G507.100099','2026-01-24 12:11:46','qr_images\\G507.100099.png','2026-01-26 16:00:30','20260126160030'),
(102,'G507.100100','2026-01-24 12:12:31','qr_images\\G507.100100.png','2026-01-26 16:00:30','20260126160030'),
(103,'G507.100101','2026-01-24 12:14:38','qr_images\\G507.100101.png','2026-01-26 16:00:30','20260126160030'),
(104,'G507.100102','2026-01-24 12:15:19','qr_images\\G507.100102.png','2026-01-26 16:00:30','20260126160030'),
(105,'G507.100103','2026-01-24 12:15:51','qr_images\\G507.100103.png','2026-01-26 16:00:30','20260126160030'),
(106,'G507.100104','2026-01-24 12:23:17','qr_images\\G507.100104.png','2026-01-26 16:00:30','20260126160030'),
(107,'G507.100105','2026-01-24 12:23:43','qr_images\\G507.100105.png','2026-01-26 16:00:30','20260126160030'),
(108,'G507.100106','2026-01-24 12:37:52','qr_images\\G507.100106.png','2026-01-26 16:00:30','20260126160030'),
(109,'G507.100107','2026-01-24 12:39:07','qr_images\\G507.100107.png','2026-01-26 16:00:30','20260126160030'),
(110,'G507.100108','2026-01-24 12:39:52','qr_images\\G507.100108.png','2026-01-26 16:00:30','20260126160030'),
(111,'G507.100109','2026-01-24 12:40:22','qr_images\\G507.100109.png','2026-01-26 16:00:30','20260126160030'),
(112,'G507.100110','2026-02-02 15:23:02','qr_images\\G507.100110.png','2026-02-02 16:30:54','20260202163054'),
(113,'G507.100111','2026-02-02 15:23:44','qr_images\\G507.100111.png','2026-02-02 16:30:54','20260202163054'),
(114,'G507.100112','2026-02-02 15:24:45','qr_images\\G507.100112.png','2026-02-02 16:30:54','20260202163054'),
(115,'G507.100113','2026-02-02 15:25:51','qr_images\\G507.100113.png','2026-02-02 16:30:54','20260202163054'),
(116,'G507.100114','2026-02-02 15:26:53','qr_images\\G507.100114.png','2026-02-02 16:30:54','20260202163054'),
(117,'G507.100115','2026-02-02 15:27:59','qr_images\\G507.100115.png','2026-02-02 16:30:54','20260202163054'),
(118,'G507.100116','2026-02-02 15:29:00','qr_images\\G507.100116.png','2026-02-02 16:30:54','20260202163054'),
(119,'G507.100117','2026-02-02 15:30:02','qr_images\\G507.100117.png','2026-02-02 16:30:54','20260202163054'),
(120,'G507.100118','2026-02-02 15:48:53','qr_images\\G507.100118.png','2026-02-02 17:09:43','20260202170943'),
(121,'G507.100119','2026-02-02 15:49:55','qr_images\\G507.100119.png','2026-02-02 17:09:43','20260202170943'),
(122,'G507.100120','2026-02-02 15:50:56','qr_images\\G507.100120.png','2026-02-02 17:09:43','20260202170943'),
(123,'G507.100121','2026-02-02 15:51:58','qr_images\\G507.100121.png','2026-02-02 17:09:43','20260202170943'),
(124,'G507.100122','2026-02-02 15:52:59','qr_images\\G507.100122.png','2026-02-02 17:09:43','20260202170943'),
(125,'G507.100123','2026-02-02 15:55:12','qr_images\\G507.100123.png','2026-02-02 17:09:43','20260202170943'),
(126,'G507.100124','2026-02-02 15:56:14','qr_images\\G507.100124.png','2026-02-02 17:09:43','20260202170943'),
(127,'G507.100125','2026-02-02 15:57:15','qr_images\\G507.100125.png','2026-02-02 17:09:43','20260202170943'),
(128,'G507.100126','2026-02-02 15:58:16','qr_images\\G507.100126.png','2026-02-02 17:09:43','20260202170943');
/*!40000 ALTER TABLE `qr_codes_archive` ENABLE KEYS */;
UNLOCK TABLES;
commit;

--
-- Table structure for table `sms_queue`
--

DROP TABLE IF EXISTS `sms_queue`;
/*!40101 SET @saved_cs_client     = @@character_set_client */;
/*!40101 SET character_set_client = utf8mb4 */;
CREATE TABLE `sms_queue` (
  `id` int(11) NOT NULL AUTO_INCREMENT,
  `timestamp` datetime DEFAULT NULL,
  `phone` varchar(20) DEFAULT NULL,
  `name` varchar(100) DEFAULT NULL,
  `message` text DEFAULT NULL,
  `status` enum('pending','sent','failed') DEFAULT 'pending',
  `retry_count` int(11) DEFAULT 0,
  `last_error` varchar(255) DEFAULT NULL,
  PRIMARY KEY (`id`)
) ENGINE=InnoDB AUTO_INCREMENT=693 DEFAULT CHARSET=utf8mb4 COLLATE=utf8mb4_uca1400_ai_ci;
/*!40101 SET character_set_client = @saved_cs_client */;

--
-- Dumping data for table `sms_queue`
--

LOCK TABLES `sms_queue` WRITE;
/*!40000 ALTER TABLE `sms_queue` DISABLE KEYS */;
set autocommit=0;
INSERT INTO `sms_queue` VALUES
(627,'2026-02-02 16:15:26','+919591959085','Ram','NTF QC Fail Alert: G507 (RHD) (5.00 - 10.00 mm) - Weld depth 23.84 mm on 02-02-2026 at 16:15:26. Info by ASHTECH','sent',0,NULL),
(628,'2026-02-02 16:15:26','+919886824714','Krishna','NTF QC Fail Alert: G507 (RHD) (5.00 - 10.00 mm) - Weld depth 23.84 mm on 02-02-2026 at 16:15:26. Info by ASHTECH','sent',0,NULL),
(629,'2026-02-02 16:15:26','+918800350339','Harilal','NTF QC Fail Alert: G507 (RHD) (5.00 - 10.00 mm) - Weld depth 23.84 mm on 02-02-2026 at 16:15:26. Info by ASHTECH','sent',0,NULL),
(630,'2026-02-02 16:16:29','+919591959085','Ram','NTF QC Fail Alert: G507 (RHD) (5.00 - 10.00 mm) - Weld depth 23.85 mm on 02-02-2026 at 16:16:29. Info by ASHTECH','sent',0,NULL),
(631,'2026-02-02 16:16:29','+919886824714','Krishna','NTF QC Fail Alert: G507 (RHD) (5.00 - 10.00 mm) - Weld depth 23.85 mm on 02-02-2026 at 16:16:29. Info by ASHTECH','sent',0,NULL),
(632,'2026-02-02 16:16:29','+918800350339','Harilal','NTF QC Fail Alert: G507 (RHD) (5.00 - 10.00 mm) - Weld depth 23.85 mm on 02-02-2026 at 16:16:29. Info by ASHTECH','sent',0,NULL),
(633,'2026-02-02 16:17:30','+919591959085','Ram','NTF QC Fail Alert: G507 (RHD) (5.00 - 10.00 mm) - Weld depth 23.83 mm on 02-02-2026 at 16:17:30. Info by ASHTECH','sent',0,NULL),
(634,'2026-02-02 16:17:30','+919886824714','Krishna','NTF QC Fail Alert: G507 (RHD) (5.00 - 10.00 mm) - Weld depth 23.83 mm on 02-02-2026 at 16:17:30. Info by ASHTECH','sent',0,NULL),
(635,'2026-02-02 16:17:30','+918800350339','Harilal','NTF QC Fail Alert: G507 (RHD) (5.00 - 10.00 mm) - Weld depth 23.83 mm on 02-02-2026 at 16:17:30. Info by ASHTECH','sent',0,NULL),
(636,'2026-02-02 16:18:32','+919591959085','Ram','NTF QC Fail Alert: G507 (RHD) (5.00 - 10.00 mm) - Weld depth 23.81 mm on 02-02-2026 at 16:18:32. Info by ASHTECH','sent',0,NULL),
(637,'2026-02-02 16:18:32','+919886824714','Krishna','NTF QC Fail Alert: G507 (RHD) (5.00 - 10.00 mm) - Weld depth 23.81 mm on 02-02-2026 at 16:18:32. Info by ASHTECH','sent',0,NULL),
(638,'2026-02-02 16:18:32','+918800350339','Harilal','NTF QC Fail Alert: G507 (RHD) (5.00 - 10.00 mm) - Weld depth 23.81 mm on 02-02-2026 at 16:18:32. Info by ASHTECH','sent',0,NULL),
(639,'2026-02-02 16:19:33','+919591959085','Ram','NTF QC Fail Alert: G507 (RHD) (5.00 - 10.00 mm) - Weld depth 23.87 mm on 02-02-2026 at 16:19:33. Info by ASHTECH','sent',0,NULL),
(640,'2026-02-02 16:19:33','+919886824714','Krishna','NTF QC Fail Alert: G507 (RHD) (5.00 - 10.00 mm) - Weld depth 23.87 mm on 02-02-2026 at 16:19:33. Info by ASHTECH','sent',0,NULL),
(641,'2026-02-02 16:19:33','+918800350339','Harilal','NTF QC Fail Alert: G507 (RHD) (5.00 - 10.00 mm) - Weld depth 23.87 mm on 02-02-2026 at 16:19:33. Info by ASHTECH','sent',0,NULL),
(642,'2026-02-02 16:20:35','+919591959085','Ram','NTF QC Fail Alert: G507 (RHD) (5.00 - 10.00 mm) - Weld depth 23.89 mm on 02-02-2026 at 16:20:35. Info by ASHTECH','sent',0,NULL),
(643,'2026-02-02 16:20:35','+919886824714','Krishna','NTF QC Fail Alert: G507 (RHD) (5.00 - 10.00 mm) - Weld depth 23.89 mm on 02-02-2026 at 16:20:35. Info by ASHTECH','sent',0,NULL),
(644,'2026-02-02 16:20:35','+918800350339','Harilal','NTF QC Fail Alert: G507 (RHD) (5.00 - 10.00 mm) - Weld depth 23.89 mm on 02-02-2026 at 16:20:35. Info by ASHTECH','sent',0,NULL),
(645,'2026-02-02 16:21:36','+919591959085','Ram','NTF QC Fail Alert: G507 (RHD) (5.00 - 10.00 mm) - Weld depth 23.91 mm on 02-02-2026 at 16:21:36. Info by ASHTECH','sent',0,NULL),
(646,'2026-02-02 16:21:36','+919886824714','Krishna','NTF QC Fail Alert: G507 (RHD) (5.00 - 10.00 mm) - Weld depth 23.91 mm on 02-02-2026 at 16:21:36. Info by ASHTECH','sent',0,NULL),
(647,'2026-02-02 16:21:36','+918800350339','Harilal','NTF QC Fail Alert: G507 (RHD) (5.00 - 10.00 mm) - Weld depth 23.91 mm on 02-02-2026 at 16:21:36. Info by ASHTECH','sent',0,NULL),
(648,'2026-02-02 16:23:43','+919591959085','Ram','NTF QC Fail Alert: G507 (RHD) (5.00 - 10.00 mm) - Weld depth 23.87 mm on 02-02-2026 at 16:23:43. Info by ASHTECH','sent',0,NULL),
(649,'2026-02-02 16:23:43','+919886824714','Krishna','NTF QC Fail Alert: G507 (RHD) (5.00 - 10.00 mm) - Weld depth 23.87 mm on 02-02-2026 at 16:23:43. Info by ASHTECH','sent',0,NULL),
(650,'2026-02-02 16:23:43','+918800350339','Harilal','NTF QC Fail Alert: G507 (RHD) (5.00 - 10.00 mm) - Weld depth 23.87 mm on 02-02-2026 at 16:23:43. Info by ASHTECH','sent',0,NULL),
(651,'2026-02-02 16:24:44','+919591959085','Ram','NTF QC Fail Alert: G507 (RHD) (5.00 - 10.00 mm) - Weld depth 23.81 mm on 02-02-2026 at 16:24:44. Info by ASHTECH','sent',0,NULL),
(652,'2026-02-02 16:24:44','+919886824714','Krishna','NTF QC Fail Alert: G507 (RHD) (5.00 - 10.00 mm) - Weld depth 23.81 mm on 02-02-2026 at 16:24:44. Info by ASHTECH','sent',0,NULL),
(653,'2026-02-02 16:24:44','+918800350339','Harilal','NTF QC Fail Alert: G507 (RHD) (5.00 - 10.00 mm) - Weld depth 23.81 mm on 02-02-2026 at 16:24:44. Info by ASHTECH','sent',0,NULL),
(654,'2026-02-02 16:25:45','+919591959085','Ram','NTF QC Fail Alert: G507 (RHD) (5.00 - 10.00 mm) - Weld depth 23.77 mm on 02-02-2026 at 16:25:45. Info by ASHTECH','sent',0,NULL),
(655,'2026-02-02 16:25:45','+919886824714','Krishna','NTF QC Fail Alert: G507 (RHD) (5.00 - 10.00 mm) - Weld depth 23.77 mm on 02-02-2026 at 16:25:45. Info by ASHTECH','sent',0,NULL),
(656,'2026-02-02 16:25:45','+918800350339','Harilal','NTF QC Fail Alert: G507 (RHD) (5.00 - 10.00 mm) - Weld depth 23.77 mm on 02-02-2026 at 16:25:45. Info by ASHTECH','sent',0,NULL),
(657,'2026-02-02 16:26:46','+919591959085','Ram','NTF QC Fail Alert: G507 (RHD) (5.00 - 10.00 mm) - Weld depth 23.85 mm on 02-02-2026 at 16:26:46. Info by ASHTECH','sent',0,NULL),
(658,'2026-02-02 16:26:46','+919886824714','Krishna','NTF QC Fail Alert: G507 (RHD) (5.00 - 10.00 mm) - Weld depth 23.85 mm on 02-02-2026 at 16:26:46. Info by ASHTECH','sent',0,NULL),
(659,'2026-02-02 16:26:46','+918800350339','Harilal','NTF QC Fail Alert: G507 (RHD) (5.00 - 10.00 mm) - Weld depth 23.85 mm on 02-02-2026 at 16:26:46. Info by ASHTECH','sent',0,NULL),
(660,'2026-02-02 16:27:47','+919591959085','Ram','NTF QC Fail Alert: G507 (RHD) (5.00 - 10.00 mm) - Weld depth 23.87 mm on 02-02-2026 at 16:27:47. Info by ASHTECH','sent',0,NULL),
(661,'2026-02-02 16:27:47','+919886824714','Krishna','NTF QC Fail Alert: G507 (RHD) (5.00 - 10.00 mm) - Weld depth 23.87 mm on 02-02-2026 at 16:27:47. Info by ASHTECH','sent',0,NULL),
(662,'2026-02-02 16:27:47','+918800350339','Harilal','NTF QC Fail Alert: G507 (RHD) (5.00 - 10.00 mm) - Weld depth 23.87 mm on 02-02-2026 at 16:27:47. Info by ASHTECH','sent',0,NULL),
(663,'2026-02-02 16:28:50','+919591959085','Ram','NTF QC Fail Alert: G507 (RHD) (5.00 - 10.00 mm) - Weld depth 23.93 mm on 02-02-2026 at 16:28:50. Info by ASHTECH','sent',0,NULL),
(664,'2026-02-02 16:28:50','+919886824714','Krishna','NTF QC Fail Alert: G507 (RHD) (5.00 - 10.00 mm) - Weld depth 23.93 mm on 02-02-2026 at 16:28:50. Info by ASHTECH','sent',0,NULL),
(665,'2026-02-02 16:28:50','+918800350339','Harilal','NTF QC Fail Alert: G507 (RHD) (5.00 - 10.00 mm) - Weld depth 23.93 mm on 02-02-2026 at 16:28:50. Info by ASHTECH','sent',0,NULL),
(666,'2026-02-02 16:29:53','+919591959085','Ram','NTF QC Fail Alert: G507 (RHD) (5.00 - 10.00 mm) - Weld depth 23.87 mm on 02-02-2026 at 16:29:53. Info by ASHTECH','sent',0,NULL),
(667,'2026-02-02 16:29:53','+919886824714','Krishna','NTF QC Fail Alert: G507 (RHD) (5.00 - 10.00 mm) - Weld depth 23.87 mm on 02-02-2026 at 16:29:53. Info by ASHTECH','sent',0,NULL),
(668,'2026-02-02 16:29:53','+918800350339','Harilal','NTF QC Fail Alert: G507 (RHD) (5.00 - 10.00 mm) - Weld depth 23.87 mm on 02-02-2026 at 16:29:53. Info by ASHTECH','sent',0,NULL),
(669,'2026-02-02 16:31:58','+919591959085','Ram','NTF QC Fail Alert: G507 (RHD) (5.00 - 10.00 mm) - Weld depth 23.86 mm on 02-02-2026 at 16:31:58. Info by ASHTECH','sent',0,NULL),
(670,'2026-02-02 16:31:58','+919886824714','Krishna','NTF QC Fail Alert: G507 (RHD) (5.00 - 10.00 mm) - Weld depth 23.86 mm on 02-02-2026 at 16:31:58. Info by ASHTECH','sent',0,NULL),
(671,'2026-02-02 16:31:58','+918800350339','Harilal','NTF QC Fail Alert: G507 (RHD) (5.00 - 10.00 mm) - Weld depth 23.86 mm on 02-02-2026 at 16:31:58. Info by ASHTECH','sent',0,NULL),
(672,'2026-02-02 16:35:52','+919591959085','Ram','NTF QC Fail Alert: G507 (RHD) (5.00 - 10.00 mm) - Weld depth 23.36 mm on 02-02-2026 at 16:35:52. Info by ASHTECH','sent',0,NULL),
(673,'2026-02-02 16:35:52','+919886824714','Krishna','NTF QC Fail Alert: G507 (RHD) (5.00 - 10.00 mm) - Weld depth 23.36 mm on 02-02-2026 at 16:35:52. Info by ASHTECH','sent',0,NULL),
(674,'2026-02-02 16:35:52','+918800350339','Harilal','NTF QC Fail Alert: G507 (RHD) (5.00 - 10.00 mm) - Weld depth 23.36 mm on 02-02-2026 at 16:35:52. Info by ASHTECH','pending',0,NULL),
(675,'2026-02-02 16:40:16','+919591959085','Ram','NTF QC Fail Alert: G507 (RHD) (5.00 - 10.00 mm) - Weld depth 23.90 mm on 02-02-2026 at 16:40:16. Info by ASHTECH','pending',0,NULL),
(676,'2026-02-02 16:40:16','+919886824714','Krishna','NTF QC Fail Alert: G507 (RHD) (5.00 - 10.00 mm) - Weld depth 23.90 mm on 02-02-2026 at 16:40:16. Info by ASHTECH','pending',0,NULL),
(677,'2026-02-02 16:40:16','+918800350339','Harilal','NTF QC Fail Alert: G507 (RHD) (5.00 - 10.00 mm) - Weld depth 23.90 mm on 02-02-2026 at 16:40:16. Info by ASHTECH','pending',0,NULL),
(678,'2026-02-02 16:43:27','+919591959085','Ram','NTF QC Fail Alert: G507 (RHD) (5.00 - 10.00 mm) - Weld depth 21.96 mm on 02-02-2026 at 16:43:27. Info by ASHTECH','pending',0,NULL),
(679,'2026-02-02 16:43:27','+919886824714','Krishna','NTF QC Fail Alert: G507 (RHD) (5.00 - 10.00 mm) - Weld depth 21.96 mm on 02-02-2026 at 16:43:27. Info by ASHTECH','pending',0,NULL),
(680,'2026-02-02 16:43:27','+918800350339','Harilal','NTF QC Fail Alert: G507 (RHD) (5.00 - 10.00 mm) - Weld depth 21.96 mm on 02-02-2026 at 16:43:27. Info by ASHTECH','pending',0,NULL),
(681,'2026-02-02 16:52:24','+919591959085','Ram','NTF QC Fail Alert: G507 (RHD) (5.00 - 10.00 mm) - Weld depth 24.55 mm on 02-02-2026 at 16:52:24. Info by ASHTECH','pending',0,NULL),
(682,'2026-02-02 16:52:24','+919886824714','Krishna','NTF QC Fail Alert: G507 (RHD) (5.00 - 10.00 mm) - Weld depth 24.55 mm on 02-02-2026 at 16:52:24. Info by ASHTECH','pending',0,NULL),
(683,'2026-02-02 16:52:24','+918800350339','Harilal','NTF QC Fail Alert: G507 (RHD) (5.00 - 10.00 mm) - Weld depth 24.55 mm on 02-02-2026 at 16:52:24. Info by ASHTECH','pending',0,NULL),
(684,'2026-02-02 16:52:44','+919591959085','Ram','NTF QC Fail Alert: G507 (RHD) (5.00 - 10.00 mm) - Weld depth 24.56 mm on 02-02-2026 at 16:52:44. Info by ASHTECH','pending',0,NULL),
(685,'2026-02-02 16:52:44','+919886824714','Krishna','NTF QC Fail Alert: G507 (RHD) (5.00 - 10.00 mm) - Weld depth 24.56 mm on 02-02-2026 at 16:52:44. Info by ASHTECH','pending',0,NULL),
(686,'2026-02-02 16:52:44','+918800350339','Harilal','NTF QC Fail Alert: G507 (RHD) (5.00 - 10.00 mm) - Weld depth 24.56 mm on 02-02-2026 at 16:52:44. Info by ASHTECH','pending',0,NULL),
(687,'2026-02-02 16:53:05','+919591959085','Ram','NTF QC Fail Alert: G507 (RHD) (5.00 - 10.00 mm) - Weld depth 24.56 mm on 02-02-2026 at 16:53:05. Info by ASHTECH','pending',0,NULL),
(688,'2026-02-02 16:53:05','+919886824714','Krishna','NTF QC Fail Alert: G507 (RHD) (5.00 - 10.00 mm) - Weld depth 24.56 mm on 02-02-2026 at 16:53:05. Info by ASHTECH','pending',0,NULL),
(689,'2026-02-02 16:53:05','+918800350339','Harilal','NTF QC Fail Alert: G507 (RHD) (5.00 - 10.00 mm) - Weld depth 24.56 mm on 02-02-2026 at 16:53:05. Info by ASHTECH','pending',0,NULL),
(690,'2026-02-02 16:53:25','+919591959085','Ram','NTF QC Fail Alert: G507 (RHD) (5.00 - 10.00 mm) - Weld depth 24.47 mm on 02-02-2026 at 16:53:25. Info by ASHTECH','pending',0,NULL),
(691,'2026-02-02 16:53:25','+919886824714','Krishna','NTF QC Fail Alert: G507 (RHD) (5.00 - 10.00 mm) - Weld depth 24.47 mm on 02-02-2026 at 16:53:25. Info by ASHTECH','pending',0,NULL),
(692,'2026-02-02 16:53:25','+918800350339','Harilal','NTF QC Fail Alert: G507 (RHD) (5.00 - 10.00 mm) - Weld depth 24.47 mm on 02-02-2026 at 16:53:25. Info by ASHTECH','pending',0,NULL);
/*!40000 ALTER TABLE `sms_queue` ENABLE KEYS */;
UNLOCK TABLES;
commit;

--
-- Table structure for table `sms_queue_archive`
--

DROP TABLE IF EXISTS `sms_queue_archive`;
/*!40101 SET @saved_cs_client     = @@character_set_client */;
/*!40101 SET character_set_client = utf8mb4 */;
CREATE TABLE `sms_queue_archive` (
  `id` bigint(20) NOT NULL AUTO_INCREMENT,
  `timestamp` datetime NOT NULL,
  `phone` varchar(20) NOT NULL,
  `name` varchar(100) DEFAULT NULL,
  `message` text NOT NULL,
  `status` varchar(20) NOT NULL,
  `retry_count` int(11) NOT NULL DEFAULT 0,
  `last_error` text DEFAULT NULL,
  `archived_at` datetime NOT NULL,
  `purge_batch_id` varchar(32) NOT NULL,
  PRIMARY KEY (`id`),
  KEY `idx_ts` (`timestamp`),
  KEY `idx_phone` (`phone`),
  KEY `idx_batch` (`purge_batch_id`)
) ENGINE=InnoDB AUTO_INCREMENT=179 DEFAULT CHARSET=utf8mb4 COLLATE=utf8mb4_uca1400_ai_ci;
/*!40101 SET character_set_client = @saved_cs_client */;

--
-- Dumping data for table `sms_queue_archive`
--

LOCK TABLES `sms_queue_archive` WRITE;
/*!40000 ALTER TABLE `sms_queue_archive` DISABLE KEYS */;
set autocommit=0;
INSERT INTO `sms_queue_archive` VALUES
(1,'2026-01-22 01:43:31','+919876543210','Ram','NTF QC Fail Alert: G507 (RHD) (7.00 - 10.00 mm) - Weld depth 4.80 mm on 22-01-2026 at 01:43:31. Info by ASHTECH','sent',0,NULL,'2026-01-22 22:04:41','20260122220441'),
(2,'2026-01-22 01:43:31','+919876543210','Krishna','NTF QC Fail Alert: G507 (RHD) (7.00 - 10.00 mm) - Weld depth 4.80 mm on 22-01-2026 at 01:43:31. Info by ASHTECH','sent',0,NULL,'2026-01-22 22:04:41','20260122220441'),
(3,'2026-01-22 22:06:20','+919876543210','Ram','NTF QC Fail Alert: G507 (RHD) (7.00 - 10.00 mm) - Weld depth 6.01 mm on 22-01-2026 at 22:06:20. Info by ASHTECH','sent',0,NULL,'2026-01-22 23:07:41','20260122230741'),
(4,'2026-01-22 22:06:20','+919876543210','Krishna','NTF QC Fail Alert: G507 (RHD) (7.00 - 10.00 mm) - Weld depth 6.01 mm on 22-01-2026 at 22:06:20. Info by ASHTECH','sent',0,NULL,'2026-01-22 23:07:41','20260122230741'),
(5,'2026-01-22 22:07:32','+919876543210','Ram','NTF QC Fail Alert: G507 (RHD) (7.00 - 10.00 mm) - Weld depth 6.91 mm on 22-01-2026 at 22:07:32. Info by ASHTECH','sent',0,NULL,'2026-01-22 23:07:41','20260122230741'),
(6,'2026-01-22 22:07:32','+919876543210','Krishna','NTF QC Fail Alert: G507 (RHD) (7.00 - 10.00 mm) - Weld depth 6.91 mm on 22-01-2026 at 22:07:32. Info by ASHTECH','sent',0,NULL,'2026-01-22 23:07:41','20260122230741'),
(7,'2026-01-22 22:08:32','+919876543210','Ram','NTF QC Fail Alert: G507 (RHD) (7.00 - 10.00 mm) - Weld depth 4.83 mm on 22-01-2026 at 22:08:32. Info by ASHTECH','sent',0,NULL,'2026-01-22 23:12:33','20260122231233'),
(8,'2026-01-22 22:08:32','+919876543210','Krishna','NTF QC Fail Alert: G507 (RHD) (7.00 - 10.00 mm) - Weld depth 4.83 mm on 22-01-2026 at 22:08:32. Info by ASHTECH','sent',0,NULL,'2026-01-22 23:12:33','20260122231233'),
(9,'2026-01-22 22:08:53','+919876543210','Ram','NTF QC Fail Alert: G507 (RHD) (7.00 - 10.00 mm) - Weld depth 6.30 mm on 22-01-2026 at 22:08:53. Info by ASHTECH','sent',0,NULL,'2026-01-22 23:12:33','20260122231233'),
(10,'2026-01-22 22:08:53','+919876543210','Krishna','NTF QC Fail Alert: G507 (RHD) (7.00 - 10.00 mm) - Weld depth 6.30 mm on 22-01-2026 at 22:08:53. Info by ASHTECH','sent',0,NULL,'2026-01-22 23:12:33','20260122231233'),
(11,'2026-01-22 22:10:04','+919876543210','Ram','NTF QC Fail Alert: G507 (RHD) (7.00 - 10.00 mm) - Weld depth 6.21 mm on 22-01-2026 at 22:10:04. Info by ASHTECH','sent',0,NULL,'2026-01-22 23:12:33','20260122231233'),
(12,'2026-01-22 22:10:04','+919876543210','Krishna','NTF QC Fail Alert: G507 (RHD) (7.00 - 10.00 mm) - Weld depth 6.21 mm on 22-01-2026 at 22:10:04. Info by ASHTECH','sent',0,NULL,'2026-01-22 23:12:33','20260122231233'),
(13,'2026-01-22 22:11:33','+919876543210','Ram','NTF QC Fail Alert: G507 (RHD) (7.00 - 10.00 mm) - Weld depth 10.05 mm on 22-01-2026 at 22:11:33. Info by ASHTECH','sent',0,NULL,'2026-01-22 23:12:33','20260122231233'),
(14,'2026-01-22 22:11:33','+919876543210','Krishna','NTF QC Fail Alert: G507 (RHD) (7.00 - 10.00 mm) - Weld depth 10.05 mm on 22-01-2026 at 22:11:33. Info by ASHTECH','sent',0,NULL,'2026-01-22 23:12:33','20260122231233'),
(15,'2026-01-22 22:13:07','+919876543210','Ram','NTF QC Fail Alert: G507 (RHD) (7.00 - 10.00 mm) - Weld depth 10.08 mm on 22-01-2026 at 22:13:07. Info by ASHTECH','sent',0,NULL,'2026-01-22 23:15:15','20260122231515'),
(16,'2026-01-22 22:13:07','+919876543210','Krishna','NTF QC Fail Alert: G507 (RHD) (7.00 - 10.00 mm) - Weld depth 10.08 mm on 22-01-2026 at 22:13:07. Info by ASHTECH','sent',0,NULL,'2026-01-22 23:15:15','20260122231515'),
(17,'2026-01-22 22:13:43','+919876543210','Ram','NTF QC Fail Alert: G507 (RHD) (7.00 - 10.00 mm) - Weld depth 6.49 mm on 22-01-2026 at 22:13:43. Info by ASHTECH','sent',0,NULL,'2026-01-22 23:15:15','20260122231515'),
(18,'2026-01-22 22:13:43','+919876543210','Krishna','NTF QC Fail Alert: G507 (RHD) (7.00 - 10.00 mm) - Weld depth 6.49 mm on 22-01-2026 at 22:13:43. Info by ASHTECH','sent',0,NULL,'2026-01-22 23:15:15','20260122231515'),
(19,'2026-01-22 22:14:34','+919876543210','Ram','NTF QC Fail Alert: G507 (RHD) (7.00 - 10.00 mm) - Weld depth 5.79 mm on 22-01-2026 at 22:14:34. Info by ASHTECH','sent',0,NULL,'2026-01-22 23:15:15','20260122231515'),
(20,'2026-01-22 22:14:34','+919876543210','Krishna','NTF QC Fail Alert: G507 (RHD) (7.00 - 10.00 mm) - Weld depth 5.79 mm on 22-01-2026 at 22:14:34. Info by ASHTECH','sent',0,NULL,'2026-01-22 23:15:15','20260122231515'),
(21,'2026-01-22 22:15:10','+919876543210','Ram','NTF QC Fail Alert: G507 (RHD) (7.00 - 10.00 mm) - Weld depth 6.06 mm on 22-01-2026 at 22:15:10. Info by ASHTECH','sent',0,NULL,'2026-01-22 23:15:15','20260122231515'),
(22,'2026-01-22 22:15:10','+919876543210','Krishna','NTF QC Fail Alert: G507 (RHD) (7.00 - 10.00 mm) - Weld depth 6.06 mm on 22-01-2026 at 22:15:10. Info by ASHTECH','sent',0,NULL,'2026-01-22 23:15:15','20260122231515'),
(23,'2026-01-22 22:15:38','+919876543210','Ram','NTF QC Fail Alert: G507 (RHD) (7.00 - 10.00 mm) - Weld depth 6.54 mm on 22-01-2026 at 22:15:38. Info by ASHTECH','sent',0,NULL,'2026-01-22 23:17:27','20260122231727'),
(24,'2026-01-22 22:15:38','+919876543210','Krishna','NTF QC Fail Alert: G507 (RHD) (7.00 - 10.00 mm) - Weld depth 6.54 mm on 22-01-2026 at 22:15:38. Info by ASHTECH','sent',0,NULL,'2026-01-22 23:17:27','20260122231727'),
(25,'2026-01-22 22:16:12','+919876543210','Ram','NTF QC Fail Alert: G507 (RHD) (7.00 - 10.00 mm) - Weld depth 5.76 mm on 22-01-2026 at 22:16:12. Info by ASHTECH','sent',0,NULL,'2026-01-22 23:17:27','20260122231727'),
(26,'2026-01-22 22:16:12','+919876543210','Krishna','NTF QC Fail Alert: G507 (RHD) (7.00 - 10.00 mm) - Weld depth 5.76 mm on 22-01-2026 at 22:16:12. Info by ASHTECH','sent',0,NULL,'2026-01-22 23:17:27','20260122231727'),
(27,'2026-01-22 22:20:16','+919876543210','Ram','NTF QC Fail Alert: G507 (RHD) (7.00 - 10.00 mm) - Weld depth 6.35 mm on 22-01-2026 at 22:20:16. Info by ASHTECH','sent',0,NULL,'2026-01-23 23:12:50','20260123231250'),
(28,'2026-01-22 22:20:16','+919876543210','Krishna','NTF QC Fail Alert: G507 (RHD) (7.00 - 10.00 mm) - Weld depth 6.35 mm on 22-01-2026 at 22:20:16. Info by ASHTECH','sent',0,NULL,'2026-01-23 23:12:50','20260123231250'),
(29,'2026-01-22 22:20:43','+919876543210','Ram','NTF QC Fail Alert: G507 (RHD) (7.00 - 10.00 mm) - Weld depth 6.16 mm on 22-01-2026 at 22:20:43. Info by ASHTECH','sent',0,NULL,'2026-01-23 23:12:50','20260123231250'),
(30,'2026-01-22 22:20:43','+919876543210','Krishna','NTF QC Fail Alert: G507 (RHD) (7.00 - 10.00 mm) - Weld depth 6.16 mm on 22-01-2026 at 22:20:43. Info by ASHTECH','sent',0,NULL,'2026-01-23 23:12:50','20260123231250'),
(31,'2026-01-22 22:21:42','+919876543210','Ram','NTF QC Fail Alert: G507 (RHD) (7.00 - 10.00 mm) - Weld depth 5.32 mm on 22-01-2026 at 22:21:42. Info by ASHTECH','sent',0,NULL,'2026-01-23 23:12:50','20260123231250'),
(32,'2026-01-22 22:21:42','+919876543210','Krishna','NTF QC Fail Alert: G507 (RHD) (7.00 - 10.00 mm) - Weld depth 5.32 mm on 22-01-2026 at 22:21:42. Info by ASHTECH','sent',0,NULL,'2026-01-23 23:12:50','20260123231250'),
(33,'2026-01-22 22:23:24','+919876543210','Ram','NTF QC Fail Alert: G507 (RHD) (7.00 - 10.00 mm) - Weld depth 6.30 mm on 22-01-2026 at 22:23:24. Info by ASHTECH','sent',0,NULL,'2026-01-23 23:12:50','20260123231250'),
(34,'2026-01-22 22:23:24','+919876543210','Krishna','NTF QC Fail Alert: G507 (RHD) (7.00 - 10.00 mm) - Weld depth 6.30 mm on 22-01-2026 at 22:23:24. Info by ASHTECH','sent',0,NULL,'2026-01-23 23:12:50','20260123231250'),
(35,'2026-01-22 22:24:02','+919876543210','Ram','NTF QC Fail Alert: G507 (RHD) (7.00 - 10.00 mm) - Weld depth 6.45 mm on 22-01-2026 at 22:24:02. Info by ASHTECH','sent',0,NULL,'2026-01-23 23:12:50','20260123231250'),
(36,'2026-01-22 22:24:02','+919876543210','Krishna','NTF QC Fail Alert: G507 (RHD) (7.00 - 10.00 mm) - Weld depth 6.45 mm on 22-01-2026 at 22:24:02. Info by ASHTECH','sent',0,NULL,'2026-01-23 23:12:50','20260123231250'),
(37,'2026-01-22 22:24:40','+919876543210','Ram','NTF QC Fail Alert: G507 (RHD) (7.00 - 10.00 mm) - Weld depth 5.94 mm on 22-01-2026 at 22:24:40. Info by ASHTECH','sent',0,NULL,'2026-01-23 23:12:50','20260123231250'),
(38,'2026-01-22 22:24:40','+919876543210','Krishna','NTF QC Fail Alert: G507 (RHD) (7.00 - 10.00 mm) - Weld depth 5.94 mm on 22-01-2026 at 22:24:40. Info by ASHTECH','sent',0,NULL,'2026-01-23 23:12:50','20260123231250'),
(39,'2026-01-22 22:25:55','+919876543210','Ram','NTF QC Fail Alert: G507 (RHD) (7.00 - 10.00 mm) - Weld depth 6.67 mm on 22-01-2026 at 22:25:55. Info by ASHTECH','sent',0,NULL,'2026-01-23 23:12:50','20260123231250'),
(40,'2026-01-22 22:25:55','+919876543210','Krishna','NTF QC Fail Alert: G507 (RHD) (7.00 - 10.00 mm) - Weld depth 6.67 mm on 22-01-2026 at 22:25:55. Info by ASHTECH','sent',0,NULL,'2026-01-23 23:12:50','20260123231250'),
(41,'2026-01-22 22:26:20','+919876543210','Ram','NTF QC Fail Alert: G507 (RHD) (7.00 - 10.00 mm) - Weld depth 6.51 mm on 22-01-2026 at 22:26:20. Info by ASHTECH','sent',0,NULL,'2026-01-23 23:12:50','20260123231250'),
(42,'2026-01-22 22:26:20','+919876543210','Krishna','NTF QC Fail Alert: G507 (RHD) (7.00 - 10.00 mm) - Weld depth 6.51 mm on 22-01-2026 at 22:26:20. Info by ASHTECH','sent',0,NULL,'2026-01-23 23:12:50','20260123231250'),
(43,'2026-01-22 22:26:52','+919876543210','Ram','NTF QC Fail Alert: G507 (RHD) (7.00 - 10.00 mm) - Weld depth 6.10 mm on 22-01-2026 at 22:26:52. Info by ASHTECH','sent',0,NULL,'2026-01-23 23:12:50','20260123231250'),
(44,'2026-01-22 22:26:52','+919876543210','Krishna','NTF QC Fail Alert: G507 (RHD) (7.00 - 10.00 mm) - Weld depth 6.10 mm on 22-01-2026 at 22:26:52. Info by ASHTECH','sent',0,NULL,'2026-01-23 23:12:50','20260123231250'),
(45,'2026-01-22 22:29:20','+919876543210','Ram','NTF QC Fail Alert: G507 (RHD) (7.00 - 10.00 mm) - Weld depth 6.65 mm on 22-01-2026 at 22:29:20. Info by ASHTECH','sent',0,NULL,'2026-01-23 23:12:50','20260123231250'),
(46,'2026-01-22 22:29:20','+919876543210','Krishna','NTF QC Fail Alert: G507 (RHD) (7.00 - 10.00 mm) - Weld depth 6.65 mm on 22-01-2026 at 22:29:20. Info by ASHTECH','sent',0,NULL,'2026-01-23 23:12:50','20260123231250'),
(47,'2026-01-22 22:29:57','+919876543210','Ram','NTF QC Fail Alert: G507 (RHD) (7.00 - 10.00 mm) - Weld depth 6.34 mm on 22-01-2026 at 22:29:57. Info by ASHTECH','sent',0,NULL,'2026-01-23 23:12:50','20260123231250'),
(48,'2026-01-22 22:29:57','+919876543210','Krishna','NTF QC Fail Alert: G507 (RHD) (7.00 - 10.00 mm) - Weld depth 6.34 mm on 22-01-2026 at 22:29:57. Info by ASHTECH','sent',0,NULL,'2026-01-23 23:12:50','20260123231250'),
(49,'2026-01-22 22:31:12','+919876543210','Ram','NTF QC Fail Alert: G507 (RHD) (7.00 - 10.00 mm) - Weld depth 5.45 mm on 22-01-2026 at 22:31:12. Info by ASHTECH','sent',0,NULL,'2026-01-23 23:12:50','20260123231250'),
(50,'2026-01-22 22:31:12','+919876543210','Krishna','NTF QC Fail Alert: G507 (RHD) (7.00 - 10.00 mm) - Weld depth 5.45 mm on 22-01-2026 at 22:31:12. Info by ASHTECH','sent',0,NULL,'2026-01-23 23:12:50','20260123231250'),
(51,'2026-01-22 22:34:24','+919876543210','Ram','NTF QC Fail Alert: G507 (RHD) (7.00 - 10.00 mm) - Weld depth 6.49 mm on 22-01-2026 at 22:34:24. Info by ASHTECH','sent',0,NULL,'2026-01-23 23:12:50','20260123231250'),
(52,'2026-01-22 22:34:24','+919876543210','Krishna','NTF QC Fail Alert: G507 (RHD) (7.00 - 10.00 mm) - Weld depth 6.49 mm on 22-01-2026 at 22:34:24. Info by ASHTECH','sent',0,NULL,'2026-01-23 23:12:50','20260123231250'),
(53,'2026-01-22 22:34:55','+919876543210','Ram','NTF QC Fail Alert: G507 (RHD) (7.00 - 10.00 mm) - Weld depth 10.63 mm on 22-01-2026 at 22:34:55. Info by ASHTECH','sent',0,NULL,'2026-01-23 23:12:50','20260123231250'),
(54,'2026-01-22 22:34:55','+919876543210','Krishna','NTF QC Fail Alert: G507 (RHD) (7.00 - 10.00 mm) - Weld depth 10.63 mm on 22-01-2026 at 22:34:55. Info by ASHTECH','sent',0,NULL,'2026-01-23 23:12:50','20260123231250'),
(55,'2026-01-22 22:37:58','+919876543210','Ram','NTF QC Fail Alert: G507 (RHD) (7.00 - 10.00 mm) - Weld depth 6.66 mm on 22-01-2026 at 22:37:58. Info by ASHTECH','sent',0,NULL,'2026-01-23 23:12:50','20260123231250'),
(56,'2026-01-22 22:37:58','+919876543210','Krishna','NTF QC Fail Alert: G507 (RHD) (7.00 - 10.00 mm) - Weld depth 6.66 mm on 22-01-2026 at 22:37:58. Info by ASHTECH','sent',0,NULL,'2026-01-23 23:12:50','20260123231250'),
(57,'2026-01-22 22:44:13','+919876543210','Ram','NTF QC Fail Alert: G507 (RHD) (7.00 - 10.00 mm) - Weld depth 5.46 mm on 22-01-2026 at 22:44:13. Info by ASHTECH','sent',0,NULL,'2026-01-23 23:12:50','20260123231250'),
(58,'2026-01-22 22:44:13','+919876543210','Krishna','NTF QC Fail Alert: G507 (RHD) (7.00 - 10.00 mm) - Weld depth 5.46 mm on 22-01-2026 at 22:44:13. Info by ASHTECH','sent',0,NULL,'2026-01-23 23:12:50','20260123231250'),
(59,'2026-01-22 22:49:10','+919876543210','Ram','NTF QC Fail Alert: G507 (RHD) (7.00 - 10.00 mm) - Weld depth 4.08 mm on 22-01-2026 at 22:49:10. Info by ASHTECH','sent',0,NULL,'2026-01-23 23:12:50','20260123231250'),
(60,'2026-01-22 22:49:10','+919876543210','Krishna','NTF QC Fail Alert: G507 (RHD) (7.00 - 10.00 mm) - Weld depth 4.08 mm on 22-01-2026 at 22:49:10. Info by ASHTECH','sent',0,NULL,'2026-01-23 23:12:50','20260123231250'),
(61,'2026-01-22 22:49:48','+919876543210','Ram','NTF QC Fail Alert: G507 (RHD) (7.00 - 10.00 mm) - Weld depth 6.88 mm on 22-01-2026 at 22:49:48. Info by ASHTECH','sent',0,NULL,'2026-01-23 23:12:50','20260123231250'),
(62,'2026-01-22 22:49:48','+919876543210','Krishna','NTF QC Fail Alert: G507 (RHD) (7.00 - 10.00 mm) - Weld depth 6.88 mm on 22-01-2026 at 22:49:48. Info by ASHTECH','sent',0,NULL,'2026-01-23 23:12:50','20260123231250'),
(63,'2026-01-22 22:52:06','+919876543210','Ram','NTF QC Fail Alert: G507 (RHD) (7.00 - 10.00 mm) - Weld depth 6.36 mm on 22-01-2026 at 22:52:06. Info by ASHTECH','sent',0,NULL,'2026-01-23 23:12:50','20260123231250'),
(64,'2026-01-22 22:52:06','+919876543210','Krishna','NTF QC Fail Alert: G507 (RHD) (7.00 - 10.00 mm) - Weld depth 6.36 mm on 22-01-2026 at 22:52:06. Info by ASHTECH','sent',0,NULL,'2026-01-23 23:12:50','20260123231250'),
(65,'2026-01-22 22:52:41','+919876543210','Ram','NTF QC Fail Alert: G507 (RHD) (7.00 - 10.00 mm) - Weld depth 10.71 mm on 22-01-2026 at 22:52:41. Info by ASHTECH','sent',0,NULL,'2026-01-23 23:12:50','20260123231250'),
(66,'2026-01-22 22:52:41','+919876543210','Krishna','NTF QC Fail Alert: G507 (RHD) (7.00 - 10.00 mm) - Weld depth 10.71 mm on 22-01-2026 at 22:52:41. Info by ASHTECH','sent',0,NULL,'2026-01-23 23:12:50','20260123231250'),
(67,'2026-01-22 22:53:33','+919876543210','Ram','NTF QC Fail Alert: G507 (RHD) (7.00 - 10.00 mm) - Weld depth 4.40 mm on 22-01-2026 at 22:53:33. Info by ASHTECH','sent',0,NULL,'2026-01-23 23:12:50','20260123231250'),
(68,'2026-01-22 22:53:33','+919876543210','Krishna','NTF QC Fail Alert: G507 (RHD) (7.00 - 10.00 mm) - Weld depth 4.40 mm on 22-01-2026 at 22:53:33. Info by ASHTECH','sent',0,NULL,'2026-01-23 23:12:50','20260123231250'),
(69,'2026-01-22 22:55:26','+919876543210','Ram','NTF QC Fail Alert: G507 (RHD) (7.00 - 10.00 mm) - Weld depth 6.90 mm on 22-01-2026 at 22:55:26. Info by ASHTECH','sent',0,NULL,'2026-01-23 23:12:50','20260123231250'),
(70,'2026-01-22 22:55:26','+919876543210','Krishna','NTF QC Fail Alert: G507 (RHD) (7.00 - 10.00 mm) - Weld depth 6.90 mm on 22-01-2026 at 22:55:26. Info by ASHTECH','sent',0,NULL,'2026-01-23 23:12:50','20260123231250'),
(71,'2026-01-22 22:55:51','+919876543210','Ram','NTF QC Fail Alert: G507 (RHD) (7.00 - 10.00 mm) - Weld depth 5.09 mm on 22-01-2026 at 22:55:51. Info by ASHTECH','sent',0,NULL,'2026-01-23 23:12:50','20260123231250'),
(72,'2026-01-22 22:55:51','+919876543210','Krishna','NTF QC Fail Alert: G507 (RHD) (7.00 - 10.00 mm) - Weld depth 5.09 mm on 22-01-2026 at 22:55:51. Info by ASHTECH','sent',0,NULL,'2026-01-23 23:12:50','20260123231250'),
(73,'2026-01-22 22:56:18','+919876543210','Ram','NTF QC Fail Alert: G507 (RHD) (7.00 - 10.00 mm) - Weld depth 10.16 mm on 22-01-2026 at 22:56:18. Info by ASHTECH','sent',0,NULL,'2026-01-23 23:12:50','20260123231250'),
(74,'2026-01-22 22:56:18','+919876543210','Krishna','NTF QC Fail Alert: G507 (RHD) (7.00 - 10.00 mm) - Weld depth 10.16 mm on 22-01-2026 at 22:56:18. Info by ASHTECH','sent',0,NULL,'2026-01-23 23:12:50','20260123231250'),
(75,'2026-01-22 22:56:50','+919876543210','Ram','NTF QC Fail Alert: G507 (RHD) (7.00 - 10.00 mm) - Weld depth 5.96 mm on 22-01-2026 at 22:56:50. Info by ASHTECH','sent',0,NULL,'2026-01-23 23:12:50','20260123231250'),
(76,'2026-01-22 22:56:50','+919876543210','Krishna','NTF QC Fail Alert: G507 (RHD) (7.00 - 10.00 mm) - Weld depth 5.96 mm on 22-01-2026 at 22:56:50. Info by ASHTECH','sent',0,NULL,'2026-01-23 23:12:50','20260123231250'),
(77,'2026-01-22 22:57:30','+919876543210','Ram','NTF QC Fail Alert: G507 (RHD) (7.00 - 10.00 mm) - Weld depth 6.94 mm on 22-01-2026 at 22:57:30. Info by ASHTECH','sent',0,NULL,'2026-01-23 23:12:50','20260123231250'),
(78,'2026-01-22 22:57:30','+919876543210','Krishna','NTF QC Fail Alert: G507 (RHD) (7.00 - 10.00 mm) - Weld depth 6.94 mm on 22-01-2026 at 22:57:30. Info by ASHTECH','sent',0,NULL,'2026-01-23 23:12:50','20260123231250'),
(79,'2026-01-22 22:59:12','+919876543210','Ram','NTF QC Fail Alert: G507 (RHD) (7.00 - 10.00 mm) - Weld depth 5.57 mm on 22-01-2026 at 22:59:12. Info by ASHTECH','sent',0,NULL,'2026-01-23 23:12:50','20260123231250'),
(80,'2026-01-22 22:59:12','+919876543210','Krishna','NTF QC Fail Alert: G507 (RHD) (7.00 - 10.00 mm) - Weld depth 5.57 mm on 22-01-2026 at 22:59:12. Info by ASHTECH','sent',0,NULL,'2026-01-23 23:12:50','20260123231250'),
(81,'2026-01-22 22:59:59','+919876543210','Ram','NTF QC Fail Alert: G507 (RHD) (7.00 - 10.00 mm) - Weld depth 10.13 mm on 22-01-2026 at 22:59:59. Info by ASHTECH','sent',0,NULL,'2026-01-23 23:12:50','20260123231250'),
(82,'2026-01-22 22:59:59','+919876543210','Krishna','NTF QC Fail Alert: G507 (RHD) (7.00 - 10.00 mm) - Weld depth 10.13 mm on 22-01-2026 at 22:59:59. Info by ASHTECH','sent',0,NULL,'2026-01-23 23:12:50','20260123231250'),
(83,'2026-01-22 23:01:52','+919876543210','Ram','NTF QC Fail Alert: G507 (RHD) (7.00 - 10.00 mm) - Weld depth 6.66 mm on 22-01-2026 at 23:01:52. Info by ASHTECH','sent',0,NULL,'2026-01-23 23:12:50','20260123231250'),
(84,'2026-01-22 23:01:52','+919876543210','Krishna','NTF QC Fail Alert: G507 (RHD) (7.00 - 10.00 mm) - Weld depth 6.66 mm on 22-01-2026 at 23:01:52. Info by ASHTECH','sent',0,NULL,'2026-01-23 23:12:50','20260123231250'),
(85,'2026-01-22 23:02:26','+919876543210','Ram','NTF QC Fail Alert: G507 (RHD) (7.00 - 10.00 mm) - Weld depth 6.58 mm on 22-01-2026 at 23:02:26. Info by ASHTECH','sent',0,NULL,'2026-01-23 23:12:50','20260123231250'),
(86,'2026-01-22 23:02:26','+919876543210','Krishna','NTF QC Fail Alert: G507 (RHD) (7.00 - 10.00 mm) - Weld depth 6.58 mm on 22-01-2026 at 23:02:26. Info by ASHTECH','sent',0,NULL,'2026-01-23 23:12:50','20260123231250'),
(87,'2026-01-22 23:05:25','+919876543210','Ram','NTF QC Fail Alert: G507 (RHD) (7.00 - 10.00 mm) - Weld depth 6.35 mm on 22-01-2026 at 23:05:25. Info by ASHTECH','sent',0,NULL,'2026-01-23 23:12:50','20260123231250'),
(88,'2026-01-22 23:05:25','+919876543210','Krishna','NTF QC Fail Alert: G507 (RHD) (7.00 - 10.00 mm) - Weld depth 6.35 mm on 22-01-2026 at 23:05:25. Info by ASHTECH','sent',0,NULL,'2026-01-23 23:12:50','20260123231250'),
(89,'2026-01-22 23:06:26','+919876543210','Ram','NTF QC Fail Alert: G507 (RHD) (7.00 - 10.00 mm) - Weld depth 6.36 mm on 22-01-2026 at 23:06:26. Info by ASHTECH','sent',0,NULL,'2026-01-23 23:12:50','20260123231250'),
(90,'2026-01-22 23:06:26','+919876543210','Krishna','NTF QC Fail Alert: G507 (RHD) (7.00 - 10.00 mm) - Weld depth 6.36 mm on 22-01-2026 at 23:06:26. Info by ASHTECH','sent',0,NULL,'2026-01-23 23:12:50','20260123231250'),
(91,'2026-01-22 23:06:50','+919876543210','Ram','NTF QC Fail Alert: G507 (RHD) (7.00 - 10.00 mm) - Weld depth 4.73 mm on 22-01-2026 at 23:06:50. Info by ASHTECH','sent',0,NULL,'2026-01-23 23:12:50','20260123231250'),
(92,'2026-01-22 23:06:50','+919876543210','Krishna','NTF QC Fail Alert: G507 (RHD) (7.00 - 10.00 mm) - Weld depth 4.73 mm on 22-01-2026 at 23:06:50. Info by ASHTECH','sent',0,NULL,'2026-01-23 23:12:50','20260123231250'),
(93,'2026-01-22 23:08:21','+919876543210','Ram','NTF QC Fail Alert: G507 (RHD) (7.00 - 10.00 mm) - Weld depth 5.35 mm on 22-01-2026 at 23:08:21. Info by ASHTECH','sent',0,NULL,'2026-01-23 23:12:50','20260123231250'),
(94,'2026-01-22 23:08:21','+919876543210','Krishna','NTF QC Fail Alert: G507 (RHD) (7.00 - 10.00 mm) - Weld depth 5.35 mm on 22-01-2026 at 23:08:21. Info by ASHTECH','sent',0,NULL,'2026-01-23 23:12:50','20260123231250'),
(95,'2026-01-22 23:08:58','+919876543210','Ram','NTF QC Fail Alert: G507 (RHD) (7.00 - 10.00 mm) - Weld depth 4.79 mm on 22-01-2026 at 23:08:58. Info by ASHTECH','sent',0,NULL,'2026-01-23 23:12:50','20260123231250'),
(96,'2026-01-22 23:08:58','+919876543210','Krishna','NTF QC Fail Alert: G507 (RHD) (7.00 - 10.00 mm) - Weld depth 4.79 mm on 22-01-2026 at 23:08:58. Info by ASHTECH','sent',0,NULL,'2026-01-23 23:12:50','20260123231250'),
(97,'2026-01-22 23:10:17','+919876543210','Ram','NTF QC Fail Alert: G507 (RHD) (7.00 - 10.00 mm) - Weld depth 10.12 mm on 22-01-2026 at 23:10:17. Info by ASHTECH','sent',0,NULL,'2026-01-23 23:12:50','20260123231250'),
(98,'2026-01-22 23:10:17','+919876543210','Krishna','NTF QC Fail Alert: G507 (RHD) (7.00 - 10.00 mm) - Weld depth 10.12 mm on 22-01-2026 at 23:10:17. Info by ASHTECH','sent',0,NULL,'2026-01-23 23:12:50','20260123231250'),
(99,'2026-01-22 23:11:36','+919876543210','Ram','NTF QC Fail Alert: G507 (RHD) (7.00 - 10.00 mm) - Weld depth 6.43 mm on 22-01-2026 at 23:11:36. Info by ASHTECH','sent',0,NULL,'2026-01-23 23:12:50','20260123231250'),
(100,'2026-01-22 23:11:36','+919876543210','Krishna','NTF QC Fail Alert: G507 (RHD) (7.00 - 10.00 mm) - Weld depth 6.43 mm on 22-01-2026 at 23:11:36. Info by ASHTECH','sent',0,NULL,'2026-01-23 23:12:50','20260123231250'),
(101,'2026-01-22 23:12:09','+919876543210','Ram','NTF QC Fail Alert: G507 (RHD) (7.00 - 10.00 mm) - Weld depth 6.66 mm on 22-01-2026 at 23:12:09. Info by ASHTECH','sent',0,NULL,'2026-01-23 23:12:50','20260123231250'),
(102,'2026-01-22 23:12:09','+919876543210','Krishna','NTF QC Fail Alert: G507 (RHD) (7.00 - 10.00 mm) - Weld depth 6.66 mm on 22-01-2026 at 23:12:09. Info by ASHTECH','sent',0,NULL,'2026-01-23 23:12:50','20260123231250'),
(103,'2026-01-22 23:16:43','+919876543210','Ram','NTF QC Fail Alert: G507 (RHD) (7.00 - 10.00 mm) - Weld depth 11.04 mm on 22-01-2026 at 23:16:43. Info by ASHTECH','sent',0,NULL,'2026-01-23 23:12:50','20260123231250'),
(104,'2026-01-22 23:16:43','+919876543210','Krishna','NTF QC Fail Alert: G507 (RHD) (7.00 - 10.00 mm) - Weld depth 11.04 mm on 22-01-2026 at 23:16:43. Info by ASHTECH','sent',0,NULL,'2026-01-23 23:12:50','20260123231250'),
(105,'2026-01-22 23:17:13','+919876543210','Ram','NTF QC Fail Alert: G507 (RHD) (7.00 - 10.00 mm) - Weld depth 6.22 mm on 22-01-2026 at 23:17:13. Info by ASHTECH','sent',0,NULL,'2026-01-23 23:12:50','20260123231250'),
(106,'2026-01-22 23:17:13','+919876543210','Krishna','NTF QC Fail Alert: G507 (RHD) (7.00 - 10.00 mm) - Weld depth 6.22 mm on 22-01-2026 at 23:17:13. Info by ASHTECH','sent',0,NULL,'2026-01-23 23:12:50','20260123231250'),
(107,'2026-01-22 23:21:08','+919876543210','Ram','NTF QC Fail Alert: G507 (RHD) (7.00 - 10.00 mm) - Weld depth 6.69 mm on 22-01-2026 at 23:21:08. Info by ASHTECH','sent',0,NULL,'2026-01-23 23:12:50','20260123231250'),
(108,'2026-01-22 23:21:08','+919876543210','Krishna','NTF QC Fail Alert: G507 (RHD) (7.00 - 10.00 mm) - Weld depth 6.69 mm on 22-01-2026 at 23:21:08. Info by ASHTECH','sent',0,NULL,'2026-01-23 23:12:50','20260123231250'),
(109,'2026-01-22 23:21:39','+919876543210','Ram','NTF QC Fail Alert: G507 (RHD) (7.00 - 10.00 mm) - Weld depth 6.53 mm on 22-01-2026 at 23:21:39. Info by ASHTECH','sent',0,NULL,'2026-01-23 23:12:50','20260123231250'),
(110,'2026-01-22 23:21:39','+919876543210','Krishna','NTF QC Fail Alert: G507 (RHD) (7.00 - 10.00 mm) - Weld depth 6.53 mm on 22-01-2026 at 23:21:39. Info by ASHTECH','sent',0,NULL,'2026-01-23 23:12:50','20260123231250'),
(111,'2026-01-22 23:22:27','+919876543210','Ram','NTF QC Fail Alert: G507 (RHD) (7.00 - 10.00 mm) - Weld depth 6.52 mm on 22-01-2026 at 23:22:27. Info by ASHTECH','sent',0,NULL,'2026-01-23 23:12:50','20260123231250'),
(112,'2026-01-22 23:22:27','+919876543210','Krishna','NTF QC Fail Alert: G507 (RHD) (7.00 - 10.00 mm) - Weld depth 6.52 mm on 22-01-2026 at 23:22:27. Info by ASHTECH','sent',0,NULL,'2026-01-23 23:12:50','20260123231250'),
(113,'2026-01-23 23:14:55','+919876543210','Ram','NTF QC Fail Alert: G507 (RHD) (7.00 - 10.00 mm) - Weld depth 10.69 mm on 23-01-2026 at 23:14:55. Info by ASHTECH','sent',0,NULL,'2026-01-24 00:50:06','20260124005006'),
(114,'2026-01-23 23:14:55','+919591959085','Krishna','NTF QC Fail Alert: G507 (RHD) (7.00 - 10.00 mm) - Weld depth 10.69 mm on 23-01-2026 at 23:14:55. Info by ASHTECH','sent',0,NULL,'2026-01-24 00:50:06','20260124005006'),
(115,'2026-01-23 23:15:22','+919591959085','Ram','NTF QC Fail Alert: G507 (RHD) (7.00 - 10.00 mm) - Weld depth 10.47 mm on 23-01-2026 at 23:15:22. Info by ASHTECH','sent',0,NULL,'2026-01-24 00:50:06','20260124005006'),
(116,'2026-01-23 23:15:22','+919591959085','Krishna','NTF QC Fail Alert: G507 (RHD) (7.00 - 10.00 mm) - Weld depth 10.47 mm on 23-01-2026 at 23:15:22. Info by ASHTECH','sent',0,NULL,'2026-01-24 00:50:06','20260124005006'),
(117,'2026-01-23 23:16:24','+919591959085','Ram','NTF QC Fail Alert: G507 (RHD) (7.00 - 10.00 mm) - Weld depth 10.54 mm on 23-01-2026 at 23:16:24. Info by ASHTECH','sent',0,NULL,'2026-01-24 00:50:06','20260124005006'),
(118,'2026-01-23 23:16:24','+919591959085','Krishna','NTF QC Fail Alert: G507 (RHD) (7.00 - 10.00 mm) - Weld depth 10.54 mm on 23-01-2026 at 23:16:24. Info by ASHTECH','sent',0,NULL,'2026-01-24 00:50:06','20260124005006'),
(119,'2026-01-23 23:16:45','+919591959085','Ram','NTF QC Fail Alert: G507 (RHD) (7.00 - 10.00 mm) - Weld depth 6.81 mm on 23-01-2026 at 23:16:45. Info by ASHTECH','sent',0,NULL,'2026-01-24 00:50:06','20260124005006'),
(120,'2026-01-23 23:16:45','+919591959085','Krishna','NTF QC Fail Alert: G507 (RHD) (7.00 - 10.00 mm) - Weld depth 6.81 mm on 23-01-2026 at 23:16:45. Info by ASHTECH','sent',0,NULL,'2026-01-24 00:50:06','20260124005006'),
(121,'2026-01-23 23:25:50','+919591959085','Ram','NTF QC Fail Alert: G507 (RHD) (7.00 - 10.00 mm) - Weld depth 6.47 mm on 23-01-2026 at 23:25:50. Info by ASHTECH','sent',0,NULL,'2026-01-24 00:50:06','20260124005006'),
(122,'2026-01-23 23:25:50','+919591959085','Krishna','NTF QC Fail Alert: G507 (RHD) (7.00 - 10.00 mm) - Weld depth 6.47 mm on 23-01-2026 at 23:25:50. Info by ASHTECH','sent',0,NULL,'2026-01-24 00:50:06','20260124005006'),
(123,'2026-01-24 00:03:01','+919591959085','Ram','NTF QC Fail Alert: G507 (RHD) (7.00 - 10.00 mm) - Weld depth 4.81 mm on 24-01-2026 at 00:03:01. Info by ASHTECH','sent',0,NULL,'2026-01-24 11:24:29','20260124112429'),
(124,'2026-01-24 00:03:01','+919591959085','Krishna','NTF QC Fail Alert: G507 (RHD) (7.00 - 10.00 mm) - Weld depth 4.81 mm on 24-01-2026 at 00:03:01. Info by ASHTECH','sent',0,NULL,'2026-01-24 11:24:29','20260124112429'),
(125,'2026-01-24 00:03:28','+919591959085','Ram','NTF QC Fail Alert: G507 (RHD) (7.00 - 10.00 mm) - Weld depth 5.68 mm on 24-01-2026 at 00:03:28. Info by ASHTECH','sent',0,NULL,'2026-01-24 11:24:29','20260124112429'),
(126,'2026-01-24 00:03:28','+919591959085','Krishna','NTF QC Fail Alert: G507 (RHD) (7.00 - 10.00 mm) - Weld depth 5.68 mm on 24-01-2026 at 00:03:28. Info by ASHTECH','sent',0,NULL,'2026-01-24 11:24:29','20260124112429'),
(127,'2026-01-24 00:05:14','+919591959085','Ram','NTF QC Fail Alert: G507 (RHD) (7.00 - 10.00 mm) - Weld depth 4.96 mm on 24-01-2026 at 00:05:14. Info by ASHTECH','sent',0,NULL,'2026-01-24 11:24:29','20260124112429'),
(128,'2026-01-24 00:05:14','+919591959085','Krishna','NTF QC Fail Alert: G507 (RHD) (7.00 - 10.00 mm) - Weld depth 4.96 mm on 24-01-2026 at 00:05:14. Info by ASHTECH','sent',0,NULL,'2026-01-24 11:24:29','20260124112429'),
(129,'2026-01-24 00:05:32','+919591959085','Ram','NTF QC Fail Alert: G507 (RHD) (7.00 - 10.00 mm) - Weld depth 6.64 mm on 24-01-2026 at 00:05:32. Info by ASHTECH','sent',0,NULL,'2026-01-24 11:24:29','20260124112429'),
(130,'2026-01-24 00:05:32','+919591959085','Krishna','NTF QC Fail Alert: G507 (RHD) (7.00 - 10.00 mm) - Weld depth 6.64 mm on 24-01-2026 at 00:05:32. Info by ASHTECH','sent',0,NULL,'2026-01-24 11:24:29','20260124112429'),
(131,'2026-01-24 00:51:49','+919591959085','Ram','NTF QC Fail Alert: G507 (RHD) (7.00 - 10.00 mm) - Weld depth 6.62 mm on 24-01-2026 at 00:51:49. Info by ASHTECH','sent',0,NULL,'2026-01-24 11:24:29','20260124112429'),
(132,'2026-01-24 00:51:49','+919591959085','Krishna','NTF QC Fail Alert: G507 (RHD) (7.00 - 10.00 mm) - Weld depth 6.62 mm on 24-01-2026 at 00:51:49. Info by ASHTECH','sent',0,NULL,'2026-01-24 11:24:29','20260124112429'),
(133,'2026-01-24 00:53:26','+919591959085','Ram','NTF QC Fail Alert: G507 (RHD) (7.00 - 10.00 mm) - Weld depth 5.94 mm on 24-01-2026 at 00:53:26. Info by ASHTECH','sent',0,NULL,'2026-01-24 11:24:29','20260124112429'),
(134,'2026-01-24 00:53:26','+919591959085','Krishna','NTF QC Fail Alert: G507 (RHD) (7.00 - 10.00 mm) - Weld depth 5.94 mm on 24-01-2026 at 00:53:26. Info by ASHTECH','sent',0,NULL,'2026-01-24 11:24:29','20260124112429'),
(135,'2026-01-24 11:25:33','+919591959085','Ram','NTF QC Fail Alert: G507 (RHD) (7.00 - 10.00 mm) - Weld depth 10.55 mm on 24-01-2026 at 11:25:33. Info by ASHTECH','sent',0,NULL,'2026-01-24 12:37:10','20260124123710'),
(136,'2026-01-24 11:25:33','+919591959085','Krishna','NTF QC Fail Alert: G507 (RHD) (7.00 - 10.00 mm) - Weld depth 10.55 mm on 24-01-2026 at 11:25:33. Info by ASHTECH','sent',0,NULL,'2026-01-24 12:37:10','20260124123710'),
(137,'2026-01-24 11:26:48','+919591959085','Ram','NTF QC Fail Alert: G507 (RHD) (7.00 - 10.00 mm) - Weld depth 5.68 mm on 24-01-2026 at 11:26:48. Info by ASHTECH','sent',0,NULL,'2026-01-24 12:37:10','20260124123710'),
(138,'2026-01-24 11:26:48','+919591959085','Krishna','NTF QC Fail Alert: G507 (RHD) (7.00 - 10.00 mm) - Weld depth 5.68 mm on 24-01-2026 at 11:26:48. Info by ASHTECH','sent',0,NULL,'2026-01-24 12:37:10','20260124123710'),
(139,'2026-01-24 11:40:08','+919591959085','Ram','NTF QC Fail Alert: G507 (RHD) (7.00 - 10.00 mm) - Weld depth 10.05 mm on 24-01-2026 at 11:40:08. Info by ASHTECH','sent',0,NULL,'2026-01-24 12:40:35','20260124124035'),
(140,'2026-01-24 11:40:08','+919886824714','Krishna','NTF QC Fail Alert: G507 (RHD) (7.00 - 10.00 mm) - Weld depth 10.05 mm on 24-01-2026 at 11:40:08. Info by ASHTECH','sent',0,NULL,'2026-01-24 12:40:35','20260124124035'),
(141,'2026-01-24 11:40:39','+919591959085','Ram','NTF QC Fail Alert: G507 (RHD) (7.00 - 10.00 mm) - Weld depth 6.93 mm on 24-01-2026 at 11:40:39. Info by ASHTECH','sent',0,NULL,'2026-01-26 16:00:30','20260126160030'),
(142,'2026-01-24 11:40:39','+919886824714','Krishna','NTF QC Fail Alert: G507 (RHD) (7.00 - 10.00 mm) - Weld depth 6.93 mm on 24-01-2026 at 11:40:39. Info by ASHTECH','sent',0,NULL,'2026-01-26 16:00:30','20260126160030'),
(143,'2026-01-24 12:14:08','+919591959085','Ram','NTF QC Fail Alert: G507 (RHD) (5.00 - 10.00 mm) - Weld depth 4.81 mm on 24-01-2026 at 12:14:08. Info by ASHTECH','sent',0,NULL,'2026-01-26 16:00:30','20260126160030'),
(144,'2026-01-24 12:14:08','+919886824714','Krishna','NTF QC Fail Alert: G507 (RHD) (5.00 - 10.00 mm) - Weld depth 4.81 mm on 24-01-2026 at 12:14:08. Info by ASHTECH','sent',0,NULL,'2026-01-26 16:00:30','20260126160030'),
(145,'2026-01-24 12:14:08','+918800350339','Harilal','NTF QC Fail Alert: G507 (RHD) (5.00 - 10.00 mm) - Weld depth 4.81 mm on 24-01-2026 at 12:14:08. Info by ASHTECH','sent',0,NULL,'2026-01-26 16:00:30','20260126160030'),
(146,'2026-01-24 12:22:32','+919591959085','Ram','NTF QC Fail Alert: G507 (RHD) (5.00 - 10.00 mm) - Weld depth 4.24 mm on 24-01-2026 at 12:22:32. Info by ASHTECH','sent',0,NULL,'2026-01-26 16:00:30','20260126160030'),
(147,'2026-01-24 12:22:32','+919886824714','Krishna','NTF QC Fail Alert: G507 (RHD) (5.00 - 10.00 mm) - Weld depth 4.24 mm on 24-01-2026 at 12:22:32. Info by ASHTECH','sent',0,NULL,'2026-01-26 16:00:30','20260126160030'),
(148,'2026-01-24 12:22:32','+918800350339','Harilal','NTF QC Fail Alert: G507 (RHD) (5.00 - 10.00 mm) - Weld depth 4.24 mm on 24-01-2026 at 12:22:32. Info by ASHTECH','sent',0,NULL,'2026-01-26 16:00:30','20260126160030'),
(149,'2026-01-24 12:38:25','+919591959085','Ram','NTF QC Fail Alert: G507 (RHD) (5.00 - 10.00 mm) - Weld depth 10.82 mm on 24-01-2026 at 12:38:25. Info by ASHTECH','sent',0,NULL,'2026-01-26 16:00:30','20260126160030'),
(150,'2026-01-24 12:38:25','+919886824714','Krishna','NTF QC Fail Alert: G507 (RHD) (5.00 - 10.00 mm) - Weld depth 10.82 mm on 24-01-2026 at 12:38:25. Info by ASHTECH','sent',0,NULL,'2026-01-26 16:00:30','20260126160030'),
(151,'2026-01-24 12:38:25','+918800350339','Harilal','NTF QC Fail Alert: G507 (RHD) (5.00 - 10.00 mm) - Weld depth 10.82 mm on 24-01-2026 at 12:38:25. Info by ASHTECH','sent',0,NULL,'2026-01-26 16:00:30','20260126160030'),
(152,'2026-01-26 17:18:04','+919591959085','Ram','NTF QC Fail Alert: G507 (RHD) (5.00 - 10.00 mm) - Weld depth 0.00 mm on 26-01-2026 at 17:18:04. Info by ASHTECH','sent',0,NULL,'2026-02-02 16:45:09','20260202164509'),
(153,'2026-01-26 17:18:04','+919886824714','Krishna','NTF QC Fail Alert: G507 (RHD) (5.00 - 10.00 mm) - Weld depth 0.00 mm on 26-01-2026 at 17:18:04. Info by ASHTECH','sent',0,NULL,'2026-02-02 16:48:19','20260202164819'),
(154,'2026-01-26 17:18:04','+918800350339','Harilal','NTF QC Fail Alert: G507 (RHD) (5.00 - 10.00 mm) - Weld depth 0.00 mm on 26-01-2026 at 17:18:04. Info by ASHTECH','sent',0,NULL,'2026-02-02 16:48:19','20260202164819'),
(155,'2026-02-02 15:54:10','+919591959085','Ram','NTF QC Fail Alert: G507 (RHD) (5.00 - 10.00 mm) - Weld depth 25.35 mm on 02-02-2026 at 15:54:10. Info by ASHTECH','sent',0,NULL,'2026-02-02 17:09:43','20260202170943'),
(156,'2026-02-02 15:54:10','+919886824714','Krishna','NTF QC Fail Alert: G507 (RHD) (5.00 - 10.00 mm) - Weld depth 25.35 mm on 02-02-2026 at 15:54:10. Info by ASHTECH','sent',0,NULL,'2026-02-02 17:09:43','20260202170943'),
(157,'2026-02-02 15:54:10','+918800350339','Harilal','NTF QC Fail Alert: G507 (RHD) (5.00 - 10.00 mm) - Weld depth 25.35 mm on 02-02-2026 at 15:54:10. Info by ASHTECH','sent',0,NULL,'2026-02-02 17:09:43','20260202170943'),
(158,'2026-02-02 16:08:11','+919591959085','Ram','NTF QC Fail Alert: G507 (RHD) (5.00 - 10.00 mm) - Weld depth 23.87 mm on 02-02-2026 at 16:08:11. Info by ASHTECH','sent',0,NULL,'2026-02-02 17:09:43','20260202170943'),
(159,'2026-02-02 16:08:11','+919886824714','Krishna','NTF QC Fail Alert: G507 (RHD) (5.00 - 10.00 mm) - Weld depth 23.87 mm on 02-02-2026 at 16:08:11. Info by ASHTECH','sent',0,NULL,'2026-02-02 17:09:43','20260202170943'),
(160,'2026-02-02 16:08:11','+918800350339','Harilal','NTF QC Fail Alert: G507 (RHD) (5.00 - 10.00 mm) - Weld depth 23.87 mm on 02-02-2026 at 16:08:11. Info by ASHTECH','sent',0,NULL,'2026-02-02 17:09:43','20260202170943'),
(161,'2026-02-02 16:09:12','+919591959085','Ram','NTF QC Fail Alert: G507 (RHD) (5.00 - 10.00 mm) - Weld depth 23.80 mm on 02-02-2026 at 16:09:12. Info by ASHTECH','sent',0,NULL,'2026-02-02 17:09:43','20260202170943'),
(162,'2026-02-02 16:09:12','+919886824714','Krishna','NTF QC Fail Alert: G507 (RHD) (5.00 - 10.00 mm) - Weld depth 23.80 mm on 02-02-2026 at 16:09:12. Info by ASHTECH','sent',0,NULL,'2026-02-02 17:09:43','20260202170943'),
(163,'2026-02-02 16:09:12','+918800350339','Harilal','NTF QC Fail Alert: G507 (RHD) (5.00 - 10.00 mm) - Weld depth 23.80 mm on 02-02-2026 at 16:09:12. Info by ASHTECH','sent',0,NULL,'2026-02-02 17:09:43','20260202170943'),
(164,'2026-02-02 16:10:13','+919591959085','Ram','NTF QC Fail Alert: G507 (RHD) (5.00 - 10.00 mm) - Weld depth 23.92 mm on 02-02-2026 at 16:10:13. Info by ASHTECH','sent',0,NULL,'2026-02-02 17:14:35','20260202171435'),
(165,'2026-02-02 16:10:13','+919886824714','Krishna','NTF QC Fail Alert: G507 (RHD) (5.00 - 10.00 mm) - Weld depth 23.92 mm on 02-02-2026 at 16:10:13. Info by ASHTECH','sent',0,NULL,'2026-02-02 17:14:35','20260202171435'),
(166,'2026-02-02 16:10:13','+918800350339','Harilal','NTF QC Fail Alert: G507 (RHD) (5.00 - 10.00 mm) - Weld depth 23.92 mm on 02-02-2026 at 16:10:13. Info by ASHTECH','sent',0,NULL,'2026-02-02 17:14:35','20260202171435'),
(167,'2026-02-02 16:11:14','+919591959085','Ram','NTF QC Fail Alert: G507 (RHD) (5.00 - 10.00 mm) - Weld depth 23.80 mm on 02-02-2026 at 16:11:14. Info by ASHTECH','sent',0,NULL,'2026-02-02 17:14:35','20260202171435'),
(168,'2026-02-02 16:11:14','+919886824714','Krishna','NTF QC Fail Alert: G507 (RHD) (5.00 - 10.00 mm) - Weld depth 23.80 mm on 02-02-2026 at 16:11:14. Info by ASHTECH','sent',0,NULL,'2026-02-02 17:14:35','20260202171435'),
(169,'2026-02-02 16:11:14','+918800350339','Harilal','NTF QC Fail Alert: G507 (RHD) (5.00 - 10.00 mm) - Weld depth 23.80 mm on 02-02-2026 at 16:11:14. Info by ASHTECH','sent',0,NULL,'2026-02-02 17:14:35','20260202171435'),
(170,'2026-02-02 16:12:23','+919591959085','Ram','NTF QC Fail Alert: G507 (RHD) (5.00 - 10.00 mm) - Weld depth 23.85 mm on 02-02-2026 at 16:12:23. Info by ASHTECH','sent',0,NULL,'2026-02-02 17:14:35','20260202171435'),
(171,'2026-02-02 16:12:23','+919886824714','Krishna','NTF QC Fail Alert: G507 (RHD) (5.00 - 10.00 mm) - Weld depth 23.85 mm on 02-02-2026 at 16:12:23. Info by ASHTECH','sent',0,NULL,'2026-02-02 17:14:35','20260202171435'),
(172,'2026-02-02 16:12:23','+918800350339','Harilal','NTF QC Fail Alert: G507 (RHD) (5.00 - 10.00 mm) - Weld depth 23.85 mm on 02-02-2026 at 16:12:23. Info by ASHTECH','sent',0,NULL,'2026-02-02 17:14:35','20260202171435'),
(173,'2026-02-02 16:13:24','+919591959085','Ram','NTF QC Fail Alert: G507 (RHD) (5.00 - 10.00 mm) - Weld depth 23.79 mm on 02-02-2026 at 16:13:24. Info by ASHTECH','sent',0,NULL,'2026-02-02 17:14:35','20260202171435'),
(174,'2026-02-02 16:13:24','+919886824714','Krishna','NTF QC Fail Alert: G507 (RHD) (5.00 - 10.00 mm) - Weld depth 23.79 mm on 02-02-2026 at 16:13:24. Info by ASHTECH','sent',0,NULL,'2026-02-02 17:14:35','20260202171435'),
(175,'2026-02-02 16:13:24','+918800350339','Harilal','NTF QC Fail Alert: G507 (RHD) (5.00 - 10.00 mm) - Weld depth 23.79 mm on 02-02-2026 at 16:13:24. Info by ASHTECH','sent',0,NULL,'2026-02-02 17:14:35','20260202171435'),
(176,'2026-02-02 16:14:25','+919591959085','Ram','NTF QC Fail Alert: G507 (RHD) (5.00 - 10.00 mm) - Weld depth 23.79 mm on 02-02-2026 at 16:14:25. Info by ASHTECH','sent',0,NULL,'2026-02-02 17:14:35','20260202171435'),
(177,'2026-02-02 16:14:25','+919886824714','Krishna','NTF QC Fail Alert: G507 (RHD) (5.00 - 10.00 mm) - Weld depth 23.79 mm on 02-02-2026 at 16:14:25. Info by ASHTECH','sent',0,NULL,'2026-02-02 17:14:35','20260202171435'),
(178,'2026-02-02 16:14:25','+918800350339','Harilal','NTF QC Fail Alert: G507 (RHD) (5.00 - 10.00 mm) - Weld depth 23.79 mm on 02-02-2026 at 16:14:25. Info by ASHTECH','sent',0,NULL,'2026-02-02 17:14:35','20260202171435');
/*!40000 ALTER TABLE `sms_queue_archive` ENABLE KEYS */;
UNLOCK TABLES;
commit;

--
-- Table structure for table `system_state`
--

DROP TABLE IF EXISTS `system_state`;
/*!40101 SET @saved_cs_client     = @@character_set_client */;
/*!40101 SET character_set_client = utf8mb4 */;
CREATE TABLE `system_state` (
  `id` int(11) NOT NULL,
  `active_model_id` int(11) DEFAULT NULL,
  PRIMARY KEY (`id`),
  KEY `active_model_id` (`active_model_id`),
  CONSTRAINT `system_state_ibfk_1` FOREIGN KEY (`active_model_id`) REFERENCES `models` (`id`)
) ENGINE=InnoDB DEFAULT CHARSET=utf8mb4 COLLATE=utf8mb4_uca1400_ai_ci;
/*!40101 SET character_set_client = @saved_cs_client */;

--
-- Dumping data for table `system_state`
--

LOCK TABLES `system_state` WRITE;
/*!40000 ALTER TABLE `system_state` DISABLE KEYS */;
set autocommit=0;
INSERT INTO `system_state` VALUES
(1,20);
/*!40000 ALTER TABLE `system_state` ENABLE KEYS */;
UNLOCK TABLES;
commit;

--
-- Dumping events for database 'pneumatic_qc'
--

--
-- Dumping routines for database 'pneumatic_qc'
--
/*!40103 SET TIME_ZONE=@OLD_TIME_ZONE */;

/*!40101 SET SQL_MODE=@OLD_SQL_MODE */;
/*!40014 SET FOREIGN_KEY_CHECKS=@OLD_FOREIGN_KEY_CHECKS */;
/*!40014 SET UNIQUE_CHECKS=@OLD_UNIQUE_CHECKS */;
/*!40101 SET CHARACTER_SET_CLIENT=@OLD_CHARACTER_SET_CLIENT */;
/*!40101 SET CHARACTER_SET_RESULTS=@OLD_CHARACTER_SET_RESULTS */;
/*!40101 SET COLLATION_CONNECTION=@OLD_COLLATION_CONNECTION */;
/*M!100616 SET NOTE_VERBOSITY=@OLD_NOTE_VERBOSITY */;

-- Dump completed on 2026-02-02 17:17:20
